payload_type,variant,seed,image,chi_square_p,rs_rate,ws_rate,payload_bias,payload_autocorr,payload_entropy
uniform,no_decomp,0,0,0.0,0.09595412391842244,0.11286056739840854,,,
uniform,full,0,0,0.0,0.09301680101704039,0.11237603462224129,,,
uniform,no_decomp,0,1,1.2394491671544712e-06,0.08378024462155906,0.08345207816144959,,,
uniform,full,0,1,1.1565451530159113e-05,0.0647235863213236,0.09476665165943318,,,
uniform,no_decomp,0,2,0.014855616163250793,0.2214938662386665,0.2173526584750901,,,
uniform,full,0,2,7.57375132778373e-12,0.15862897631141396,0.13849124978603786,,,
uniform,no_decomp,0,3,2.4945610473455665e-70,0.19654979558146657,0.16760299947523016,,,
uniform,full,0,3,1.0744124372330225e-74,0.18891058306889505,0.14396917873770862,,,
uniform,no_decomp,0,4,1.7951911830873719e-87,0.07411530898425686,0.10576733070515754,,,
uniform,full,0,4,4.786735809046713e-21,0.07425921882299161,0.09771356423392705,,,
uniform,no_decomp,0,5,1.3159026986330588e-63,0.08851319231976057,0.08354234493777168,,,
uniform,full,0,5,8.041690106763368e-72,0.06962616938150394,0.06494683300251372,,,
uniform,no_decomp,0,6,6.022283638389716e-62,0.20535884559873543,0.13091547439680895,,,
uniform,full,0,6,3.1892300903002836e-55,0.17217305030879443,0.14369813256311725,,,
uniform,no_decomp,0,7,0.8884147241423772,0.1386799351903168,0.1319745256560075,,,
uniform,full,0,7,0.8649002968554438,0.10255981368923094,0.13552384751151308,,,
uniform,no_decomp,0,8,2.081939398003194e-27,0.09066539253634574,0.12034613536071107,,,
uniform,full,0,8,1.5717881677558576e-23,0.07138992696604239,0.09105615886326475,,,
uniform,no_decomp,0,9,4.966533999188248e-13,0.1107000727367652,0.11032213595386905,,,
uniform,full,0,9,1.12599722491467e-15,0.08315036518487615,0.082553231900287,,,
uniform,no_decomp,0,10,0.0,0.40419450209719426,0.2531457566995243,,,
uniform,full,0,10,0.0,0.4384781261609518,0.2946736609770927,,,
uniform,no_decomp,0,11,0.0,0.08428986314124706,0.09379615692857475,,,
uniform,full,0,11,0.0,0.10630633442626182,0.11623539819790471,,,
uniform,no_decomp,0,12,0.0,0.08966775294803496,0.10040765014759369,,,
uniform,full,0,12,0.0,0.0841962985883224,0.09289504590124789,,,
uniform,no_decomp,0,13,6.507081964071074e-14,0.0780062424028567,0.07133625632642825,,,
uniform,full,0,13,3.413475659280173e-10,0.07732623556111162,0.07822314696094455,,,
uniform,no_decomp,0,14,1.2747882551004371e-23,0.09351821501552504,0.10703818629632865,,,
uniform,full,0,14,1.1891297346002108e-23,0.06906245661467632,0.08365639644373973,,,
uniform,no_decomp,0,15,4.3529062646835294e-14,0.04520514330190939,0.05214215685352346,,,
uniform,full,0,15,8.041240875805053e-15,0.06394557668289032,0.05910286877651315,,,
uniform,no_decomp,0,16,1.4492193476936205e-06,0.11158479309437196,0.09390338238454377,,,
uniform,full,0,16,4.969213541351323e-07,0.11338329223564964,0.09876646073609036,,,
uniform,no_decomp,0,17,0.6266915620881551,0.08851057466828229,0.09788622361227486,,,
uniform,full,0,17,0.18466072101561318,0.1176168863002912,0.10197818776504816,,,
uniform,no_decomp,0,18,0.9487219116840493,0.15130973678260948,0.1426805643154244,,,
uniform,full,0,18,0.7312842253317561,0.1265863899389127,0.1051678264496795,,,
uniform,no_decomp,0,19,0.0,0.11514830018086047,0.10878112525704313,,,
uniform,full,0,19,1.4494527433224324e-292,0.10433810384241912,0.1050744414700131,,,
uniform,no_decomp,0,20,0.0,0.5245518839861483,0.29798823279733044,,,
uniform,full,0,20,0.0,0.4991006742684122,0.2669146337755329,,,
uniform,no_decomp,0,21,1.5662844919248753e-23,0.10912533668681207,0.09652933391255945,,,
uniform,full,0,21,8.831899771497708e-31,0.11821741500589386,0.10536691001505853,,,
uniform,no_decomp,0,22,0.0,0.12909159971349635,0.11557579483183467,,,
uniform,full,0,22,0.0,0.12736513233074817,0.10426636122205399,,,
uniform,no_decomp,0,23,6.986522651277245e-18,0.10917832257284651,0.11817564727219668,,,
uniform,full,0,23,1.5073845634833177e-18,0.10271161101509604,0.11215455991940289,,,
uniform,no_decomp,0,24,1.4832796499141989e-30,0.08813341458958486,0.09056298038540597,,,
uniform,full,0,24,2.1450939171718e-33,0.09315926999243423,0.10635602122339968,,,
uniform,no_decomp,0,25,6.186581430635016e-36,0.08172610277344733,0.09246450526362263,,,
uniform,full,0,25,3.877239778287079e-46,0.08392355131736294,0.086932115593685,,,
uniform,no_decomp,0,26,0.9941738190741148,0.09429330150919671,0.12498665187194002,,,
uniform,full,0,26,0.9633067588377427,0.06583014988236392,0.0807605387788685,,,
uniform,no_decomp,0,27,0.0,0.08167675556139845,0.0984689607473061,,,
uniform,full,0,27,0.0,0.0707775684852213,0.09521819455873619,,,
uniform,no_decomp,0,28,0.004946537868979002,0.11002134211291707,0.1180150860045739,,,
uniform,full,0,28,0.00035643590591655374,0.08867749706416174,0.10001533697781041,,,
uniform,cover,0,0,0.0,0.04022995370688525,0.01780475834231718,,,
uniform,cover,0,1,1.4600621832478588e-08,0.0,0.007903605650753338,,,
uniform,cover,0,2,5.309624594268073e-21,0.07321461434279733,0.08387105769291828,,,
uniform,cover,0,3,3.37607986769577e-91,0.10755389372325902,0.07057450628999633,,,
uniform,cover,0,4,3.400812610049536e-64,0.0,0.003949787491226781,,,
uniform,cover,0,5,1.0719656290594862e-84,0.0030101537347745435,0.0,,,
uniform,cover,0,6,8.435202413509356e-83,0.10836832262719738,0.0467851850008462,,,
uniform,cover,0,7,0.8933006816000942,0.007505896072164034,0.039928231448464545,,,
uniform,cover,0,8,7.677071895665625e-48,0.0,0.0,,,
uniform,cover,0,9,3.733534489569478e-22,0.00593783442561954,0.0,,,
uniform,cover,0,10,0.0,0.41467029626094876,0.22073847327209017,,,
uniform,cover,0,11,0.0,0.007937580280891263,0.006575236234637382,,,
uniform,cover,0,12,0.0,0.0,0.0,,,
uniform,cover,0,13,3.906484069535057e-17,0.0,0.0,,,
uniform,cover,0,14,8.749711751378213e-29,0.00390172924415872,0.004438234304130198,,,
uniform,cover,0,15,3.906484069535057e-17,0.0,0.0,,,
uniform,cover,0,16,8.159250511066146e-12,0.00602114395379416,0.0,,,
uniform,cover,0,17,0.05101594999135635,0.021654299520254307,0.005898903031078768,,,
uniform,cover,0,18,0.2195240920905804,0.020959373138568983,0.015691000540995904,,,
uniform,cover,0,19,0.0,0.03480289921311532,0.013718763942881506,,,
uniform,cover,0,20,0.0,0.4683281652123114,0.192461876123866,,,
uniform,cover,0,21,2.026826798841779e-39,0.01941539049302317,0.00026604133099672754,,,
uniform,cover,0,22,0.0,0.06300549627107752,0.02383397142606437,,,
uniform,cover,0,23,1.2215997011142896e-22,0.0,0.019271010063964228,,,
uniform,cover,0,24,8.662603408063465e-48,0.005130923295415994,0.0025313082822640944,,,
uniform,cover,0,25,1.949991634603566e-51,0.0028624600633730146,0.0,,,
uniform,cover,0,26,0.7622848759274033,0.0,0.005110464174320522,,,
uniform,cover,0,27,0.0,0.0,0.0,,,
uniform,cover,0,28,0.0004081507207802356,0.0,0.005418977866374009,,,
uniform,no_decomp,1,0,0.0,0.086173959840041,0.10262522097717326,,,
uniform,full,1,0,0.0,0.09885398315393508,0.11898127295543146,,,
uniform,no_decomp,1,1,6.117788273318823e-07,0.06194325819665731,0.07917939242778953,,,
uniform,full,1,1,2.991592803378505e-05,0.10423681216394869,0.10153700395862057,,,
uniform,no_decomp,1,2,2.159681359437596e-08,0.14184161959951105,0.1567948538500832,,,
uniform,full,1,2,0.34087451719422296,0.16932780723578408,0.17332124854767705,,,
uniform,no_decomp,1,3,5.273586160721526e-70,0.20245324800940542,0.17548015306493658,,,
uniform,full,1,3,7.452798348608448e-70,0.18131114904645845,0.14180309091904394,,,
uniform,no_decomp,1,4,2.2352335377996387e-65,0.0647029041219424,0.10483583473510202,,,
uniform,full,1,4,1.0947673125231928e-59,0.07227717672532429,0.10668161787402829,,,
uniform,no_decomp,1,5,2.1003300317748732e-61,0.10108846672832704,0.093721130501769,,,
uniform,full,1,5,3.366612759506554e-67,0.10497447811280393,0.09630601520748813,,,
uniform,no_decomp,1,6,4.07708659019111e-67,0.2087112207213081,0.14224843387265765,,,
uniform,full,1,6,4.416899424381074e-62,0.18403756365920626,0.11587696160397568,,,
uniform,no_decomp,1,7,0.9971179962107714,0.0702566631379764,0.13083616938667222,,,
uniform,full,1,7,0.9728274248609131,0.09594873681517457,0.12137647245431539,,,
uniform,no_decomp,1,8,5.982578573960347e-37,0.06860573081622527,0.08401476246502436,,,
uniform,full,1,8,1.990079356385253e-37,0.06981355349302645,0.0867040065265647,,,
uniform,no_decomp,1,9,2.7135501096241533e-21,0.07329394684624865,0.07012294859041557,,,
uniform,full,1,9,1.1877888399344097e-19,0.07978700947724623,0.08652287740339265,,,
uniform,no_decomp,1,10,0.0,0.4265894359467071,0.2770601004235571,,,
uniform,full,1,10,0.0,0.48060872561281504,0.30115092688336037,,,
uniform,no_decomp,1,11,0.0,0.08042451729211156,0.07935885457694392,,,
uniform,full,1,11,0.0,0.09208499391341297,0.10528399344813985,,,
uniform,no_decomp,1,12,0.0,0.08817942921714358,0.10332146555777827,,,
uniform,full,1,12,0.0,0.0782539572135797,0.08213539248339133,,,
uniform,no_decomp,1,13,7.92949467581164e-16,0.07280368814816426,0.07292086598008705,,,
uniform,full,1,13,5.6443308343707e-12,0.08340172181573831,0.08698769587856432,,,
uniform,no_decomp,1,14,4.232222928025868e-17,0.09513877854498955,0.11274197918223956,,,
uniform,full,1,14,1.1307376822868524e-22,0.08296749783814329,0.09253512820356434,,,
uniform,no_decomp,1,15,4.895776139033453e-12,0.06640934685414122,0.07099959608841638,,,
uniform,full,1,15,3.937739776383729e-10,0.08375963313404251,0.10155366058897529,,,
uniform,no_decomp,1,16,2.678719945580503e-10,0.09188588940139865,0.07534370116598806,,,
uniform,full,1,16,1.1399794540959937e-10,0.09746224550377432,0.08971188634001313,,,
uniform,no_decomp,1,17,0.27642263013709706,0.12055686309044944,0.09779045256787136,,,
uniform,full,1,17,0.29007451288509356,0.12745832838618623,0.10084404327436511,,,
uniform,no_decomp,1,18,0.27713880739513796,0.09202310383334869,0.11165238576167047,,,
uniform,full,1,18,0.3213616705826188,0.11376309452243595,0.09429404668214439,,,
uniform,no_decomp,1,19,0.0,0.11564607505670631,0.12211528490972186,,,
uniform,full,1,19,2.4083441699168764e-211,0.10223623990469993,0.09208492423185871,,,
uniform,no_decomp,1,20,0.0,0.4931105042147123,0.2695484116075031,,,
uniform,full,1,20,0.0,0.49027332003650304,0.25426293661369265,,,
uniform,no_decomp,1,21,2.704056615617447e-28,0.11793771064685243,0.09952203497873545,,,
uniform,full,1,21,1.9526453648357733e-27,0.10498727879045908,0.09810038852616522,,,
uniform,no_decomp,1,22,8.24373575503315e-298,0.13000352486945488,0.11570338616129888,,,
uniform,full,1,22,1.468016763723856e-268,0.13124696919604417,0.11615950955652489,,,
uniform,no_decomp,1,23,9.00348894600163e-16,0.08175797114159024,0.10698113360005147,,,
uniform,full,1,23,1.5179268483098212e-16,0.07136667084233334,0.11038653666082894,,,
uniform,no_decomp,1,24,4.146287847370623e-40,0.09311674312917043,0.10849825949997866,,,
uniform,full,1,24,1.6257761383597515e-37,0.08792706932797227,0.09969936506942884,,,
uniform,no_decomp,1,25,3.3191178030568123e-42,0.07405788871035536,0.077797245239661,,,
uniform,full,1,25,4.895930995979998e-45,0.07860940117266065,0.0964808331322171,,,
uniform,no_decomp,1,26,0.9366981136679022,0.07138431673458225,0.12339234637549401,,,
uniform,full,1,26,0.7738268893344117,0.07126892305178657,0.08043032296661992,,,
uniform,no_decomp,1,27,0.0,0.06898845126806986,0.08654675674814576,,,
uniform,full,1,27,0.0,0.06734394445606406,0.08523122385065954,,,
uniform,no_decomp,1,28,0.0044983514697626275,0.04080743404543604,0.07449602104309122,,,
uniform,full,1,28,0.0008733356789538088,0.06915382686722506,0.11121723918512699,,,
uniform,cover,1,0,0.0,0.04022995370688525,0.01780475834231718,,,
uniform,cover,1,1,1.4600621832478588e-08,0.0,0.007903605650753338,,,
uniform,cover,1,2,5.309624594268073e-21,0.07321461434279733,0.08387105769291828,,,
uniform,cover,1,3,3.37607986769577e-91,0.10755389372325902,0.07057450628999633,,,
uniform,cover,1,4,3.400812610049536e-64,0.0,0.003949787491226781,,,
uniform,cover,1,5,1.0719656290594862e-84,0.0030101537347745435,0.0,,,
uniform,cover,1,6,8.435202413509356e-83,0.10836832262719738,0.0467851850008462,,,
uniform,cover,1,7,0.8933006816000942,0.007505896072164034,0.039928231448464545,,,
uniform,cover,1,8,7.677071895665625e-48,0.0,0.0,,,
uniform,cover,1,9,3.733534489569478e-22,0.00593783442561954,0.0,,,
uniform,cover,1,10,0.0,0.41467029626094876,0.22073847327209017,,,
uniform,cover,1,11,0.0,0.007937580280891263,0.006575236234637382,,,
uniform,cover,1,12,0.0,0.0,0.0,,,
uniform,cover,1,13,3.906484069535057e-17,0.0,0.0,,,
uniform,cover,1,14,8.749711751378213e-29,0.00390172924415872,0.004438234304130198,,,
uniform,cover,1,15,3.906484069535057e-17,0.0,0.0,,,
uniform,cover,1,16,8.159250511066146e-12,0.00602114395379416,0.0,,,
uniform,cover,1,17,0.05101594999135635,0.021654299520254307,0.005898903031078768,,,
uniform,cover,1,18,0.2195240920905804,0.020959373138568983,0.015691000540995904,,,
uniform,cover,1,19,0.0,0.03480289921311532,0.013718763942881506,,,
uniform,cover,1,20,0.0,0.4683281652123114,0.192461876123866,,,
uniform,cover,1,21,2.026826798841779e-39,0.01941539049302317,0.00026604133099672754,,,
uniform,cover,1,22,0.0,0.06300549627107752,0.02383397142606437,,,
uniform,cover,1,23,1.2215997011142896e-22,0.0,0.019271010063964228,,,
uniform,cover,1,24,8.662603408063465e-48,0.005130923295415994,0.0025313082822640944,,,
uniform,cover,1,25,1.949991634603566e-51,0.0028624600633730146,0.0,,,
uniform,cover,1,26,0.7622848759274033,0.0,0.005110464174320522,,,
uniform,cover,1,27,0.0,0.0,0.0,,,
uniform,cover,1,28,0.0004081507207802356,0.0,0.005418977866374009,,,
ascii_text,no_decomp,0,0,0.0,0.0837907419615188,0.09043262135555649,,,
ascii_text,full,0,0,0.0,0.08395673105752478,0.0992063599572378,,,
ascii_text,no_decomp,0,1,2.6374945040117124e-05,0.07524955338870098,0.0743449201483549,,,
ascii_text,full,0,1,0.00031728245966257244,0.08453070535221446,0.1066275187028617,,,
ascii_text,no_decomp,0,2,2.3527710131543745e-17,0.1789732344138454,0.1790158111157486,,,
ascii_text,full,0,2,4.551193865962075e-11,0.17040267542671095,0.14036277632667413,,,
ascii_text,no_decomp,0,3,1.125813122742408e-56,0.17255171868667005,0.13527760558541183,,,
ascii_text,full,0,3,2.763410324426504e-75,0.22722311753975663,0.17395794491855682,,,
ascii_text,no_decomp,0,4,6.57779555945042e-74,0.0629894503137166,0.06492868851985933,,,
ascii_text,full,0,4,1.8111051164095383e-29,0.0845313432042342,0.11494909306135122,,,
ascii_text,no_decomp,0,5,6.134037792969747e-70,0.08186903811647844,0.053650020145750765,,,
ascii_text,full,0,5,2.1892628324756686e-58,0.09072788762361624,0.08428668308662601,,,
ascii_text,no_decomp,0,6,2.3044475099070113e-62,0.19145358807751545,0.11326434076360031,,,
ascii_text,full,0,6,2.3353661196183887e-60,0.2084149451765527,0.12191184401588069,,,
ascii_text,no_decomp,0,7,0.7815160626853854,0.11803731251646181,0.12550399998216702,,,
ascii_text,full,0,7,0.9591239736751311,0.1258274255980746,0.13308356545589003,,,
ascii_text,no_decomp,0,8,1.1902987904187156e-36,0.08428978835219346,0.0824148786193857,,,
ascii_text,full,0,8,1.0221243985465942e-20,0.08971530359620224,0.11883099145739853,,,
ascii_text,no_decomp,0,9,1.2240744697238948e-19,0.07228071957431083,0.06557499232626181,,,
ascii_text,full,0,9,3.047845766786706e-19,0.09964287539885348,0.09353030656033123,,,
ascii_text,no_decomp,0,10,0.0,0.4960967360377923,0.3231543210798649,,,
ascii_text,full,0,10,0.0,0.45096226974902076,0.2902578667446482,,,
ascii_text,no_decomp,0,11,7.111105109006794e-179,0.10088292888374652,0.12398054756331904,,,
ascii_text,full,0,11,0.0,0.0822991890133548,0.09679982881255406,,,
ascii_text,no_decomp,0,12,0.0,0.07828148364896663,0.07235296434844252,,,
ascii_text,full,0,12,0.0,0.07516470573827552,0.08362797634181587,,,
ascii_text,no_decomp,0,13,1.3469964273654206e-11,0.09050450661356603,0.08797855607848448,,,
ascii_text,full,0,13,1.324118704635154e-12,0.059017114875212474,0.06572064472221775,,,
ascii_text,no_decomp,0,14,2.3487177690415457e-24,0.07537791031854281,0.0984038227571076,,,
ascii_text,full,0,14,6.73164132197564e-22,0.0872817899886159,0.11213473899764956,,,
ascii_text,no_decomp,0,15,1.7446190482146638e-11,0.0834176504785792,0.08868376229047772,,,
ascii_text,full,0,15,1.2042005363517989e-13,0.07228801283353459,0.0792305644402282,,,
ascii_text,no_decomp,0,16,3.933743141119746e-08,0.07576120028750531,0.0683204631893858,,,
ascii_text,full,0,16,1.1020999556403937e-07,0.10301290473565795,0.09663374203834163,,,
ascii_text,no_decomp,0,17,0.11410195532951593,0.11041358880153561,0.08012286561412565,,,
ascii_text,full,0,17,0.16396138668505333,0.10588808525569328,0.09167921415149059,,,
ascii_text,no_decomp,0,18,0.528240253704314,0.12035450923969127,0.10257586799545951,,,
ascii_text,full,0,18,0.22030282889713726,0.09574212695801607,0.1120162113350336,,,
ascii_text,no_decomp,0,19,0.0,0.09787090974981567,0.07763975495605546,,,
ascii_text,full,0,19,0.0,0.08702478643554651,0.07947755445956349,,,
ascii_text,no_decomp,0,20,0.0,0.47993092390537745,0.26854271721832856,,,
ascii_text,full,0,20,0.0,0.4894895089930976,0.2644006854709315,,,
ascii_text,no_decomp,0,21,6.198695374118744e-23,0.09216508328125603,0.07728465157977399,,,
ascii_text,full,0,21,3.2263623194414863e-29,0.1073049516533311,0.08827506842537558,,,
ascii_text,no_decomp,0,22,0.0,0.12032657760467151,0.07980480130562402,,,
ascii_text,full,0,22,6.751259021567516e-272,0.13461694146120284,0.10406699351802332,,,
ascii_text,no_decomp,0,23,2.1105643934706323e-18,0.09764567213324635,0.09517160576933237,,,
ascii_text,full,0,23,1.901678536182207e-15,0.09694918456100586,0.09460639078082994,,,
ascii_text,no_decomp,0,24,1.5739548617465898e-39,0.0829461644545468,0.10255001156451977,,,
ascii_text,full,0,24,4.892592494383891e-38,0.07333995463476077,0.08080748159368997,,,
ascii_text,no_decomp,0,25,2.9312051512668377e-43,0.06798094085003986,0.06419192780835477,,,
ascii_text,full,0,25,2.1673362268542643e-47,0.07034694539493262,0.0783658839555261,,,
ascii_text,no_decomp,0,26,0.94675159787372,0.054749360589435477,0.052753260380104285,,,
ascii_text,full,0,26,0.9494239160366337,0.09028486258627118,0.10146067292886336,,,
ascii_text,no_decomp,0,27,0.0,0.06587894301749564,0.08408461242081466,,,
ascii_text,full,0,27,0.0,0.07500105155094418,0.09576643203379762,,,
ascii_text,no_decomp,0,28,0.1546803945187252,0.05042743645002775,0.05622407596684192,,,
ascii_text,full,0,28,0.001278398746792168,0.08280808496070655,0.10586096808990966,,,
ascii_text,cover,0,0,0.0,0.04022995370688525,0.01780475834231718,,,
ascii_text,cover,0,1,1.4600621832478588e-08,0.0,0.007903605650753338,,,
ascii_text,cover,0,2,5.309624594268073e-21,0.07321461434279733,0.08387105769291828,,,
ascii_text,cover,0,3,3.37607986769577e-91,0.10755389372325902,0.07057450628999633,,,
ascii_text,cover,0,4,3.400812610049536e-64,0.0,0.003949787491226781,,,
ascii_text,cover,0,5,1.0719656290594862e-84,0.0030101537347745435,0.0,,,
ascii_text,cover,0,6,8.435202413509356e-83,0.10836832262719738,0.0467851850008462,,,
ascii_text,cover,0,7,0.8933006816000942,0.007505896072164034,0.039928231448464545,,,
ascii_text,cover,0,8,7.677071895665625e-48,0.0,0.0,,,
ascii_text,cover,0,9,3.733534489569478e-22,0.00593783442561954,0.0,,,
ascii_text,cover,0,10,0.0,0.41467029626094876,0.22073847327209017,,,
ascii_text,cover,0,11,0.0,0.007937580280891263,0.006575236234637382,,,
ascii_text,cover,0,12,0.0,0.0,0.0,,,
ascii_text,cover,0,13,3.906484069535057e-17,0.0,0.0,,,
ascii_text,cover,0,14,8.749711751378213e-29,0.00390172924415872,0.004438234304130198,,,
ascii_text,cover,0,15,3.906484069535057e-17,0.0,0.0,,,
ascii_text,cover,0,16,8.159250511066146e-12,0.00602114395379416,0.0,,,
ascii_text,cover,0,17,0.05101594999135635,0.021654299520254307,0.005898903031078768,,,
ascii_text,cover,0,18,0.2195240920905804,0.020959373138568983,0.015691000540995904,,,
ascii_text,cover,0,19,0.0,0.03480289921311532,0.013718763942881506,,,
ascii_text,cover,0,20,0.0,0.4683281652123114,0.192461876123866,,,
ascii_text,cover,0,21,2.026826798841779e-39,0.01941539049302317,0.00026604133099672754,,,
ascii_text,cover,0,22,0.0,0.06300549627107752,0.02383397142606437,,,
ascii_text,cover,0,23,1.2215997011142896e-22,0.0,0.019271010063964228,,,
ascii_text,cover,0,24,8.662603408063465e-48,0.005130923295415994,0.0025313082822640944,,,
ascii_text,cover,0,25,1.949991634603566e-51,0.0028624600633730146,0.0,,,
ascii_text,cover,0,26,0.7622848759274033,0.0,0.005110464174320522,,,
ascii_text,cover,0,27,0.0,0.0,0.0,,,
ascii_text,cover,0,28,0.0004081507207802356,0.0,0.005418977866374009,,,
ascii_text,no_decomp,1,0,0.0,0.07740007007388844,0.0867819854205629,,,
ascii_text,full,1,0,0.0,0.08668211750405981,0.09844973186924627,,,
ascii_text,no_decomp,1,1,1.2053331855485431e-06,0.06926877914291026,0.1005083210106127,,,
ascii_text,full,1,1,0.00011301176494629265,0.07638648658097746,0.10844300963596126,,,
ascii_text,no_decomp,1,2,2.3998987580283045e-19,0.15512401601517342,0.1345288526661113,,,
ascii_text,full,1,2,1.924073814417639e-14,0.18968809417970223,0.16815583782959187,,,
ascii_text,no_decomp,1,3,1.0519030187664662e-62,0.17159999892832328,0.11567379390369016,,,
ascii_text,full,1,3,9.533450330544147e-83,0.18985354927597833,0.14917467649164895,,,
ascii_text,no_decomp,1,4,2.819428839707944e-62,0.06265161357443977,0.09585625882127016,,,
ascii_text,full,1,4,4.372586818210083e-20,0.0799014362600057,0.11421390408276355,,,
ascii_text,no_decomp,1,5,3.1972144975796317e-74,0.08239368328577555,0.0739917678317504,,,
ascii_text,full,1,5,5.032901241048284e-65,0.10643585838774092,0.08804988584951295,,,
ascii_text,no_decomp,1,6,1.2833281776164017e-53,0.19368251807986955,0.14371505046199834,,,
ascii_text,full,1,6,6.412141662345914e-66,0.18689370374675845,0.123702504281727,,,
ascii_text,no_decomp,1,7,0.9407752620401887,0.08892058075167389,0.10371298646823268,,,
ascii_text,full,1,7,0.954168517883071,0.1014570886157032,0.12811033182680587,,,
ascii_text,no_decomp,1,8,6.215064999097941e-38,0.0783057888359072,0.07125208711839658,,,
ascii_text,full,1,8,1.344752233783051e-34,0.08680494016072104,0.11403939379878675,,,
ascii_text,no_decomp,1,9,6.370293002904841e-11,0.10386695267788622,0.06972266233249405,,,
ascii_text,full,1,9,1.1114344994795423e-22,0.09256990727893478,0.0919479830333979,,,
ascii_text,no_decomp,1,10,0.0,0.4483370988253632,0.30869841171780193,,,
ascii_text,full,1,10,0.0,0.4495398722325689,0.29223033897840534,,,
ascii_text,no_decomp,1,11,2.0027649958167315e-179,0.12125761140856528,0.1473212696813264,,,
ascii_text,full,1,11,0.0,0.0841373538926978,0.09358283078578643,,,
ascii_text,no_decomp,1,12,0.0,0.07955221811454548,0.07711955595531182,,,
ascii_text,full,1,12,0.0,0.07723030905476665,0.08613230817385206,,,
ascii_text,no_decomp,1,13,1.8047012000555088e-07,0.15566549029058405,0.14799094347186523,,,
ascii_text,full,1,13,2.6991061576534315e-11,0.12090102199189327,0.11625787805276785,,,
ascii_text,no_decomp,1,14,9.671026353601702e-21,0.0986349100544244,0.10670280535195602,,,
ascii_text,full,1,14,1.8772605262263698e-23,0.08666537765576358,0.10503277876881209,,,
ascii_text,no_decomp,1,15,6.828032442382861e-15,0.06619049143563736,0.056452408696179214,,,
ascii_text,full,1,15,3.499313370776181e-13,0.093039510660722,0.1049988809872823,,,
ascii_text,no_decomp,1,16,4.300050985155233e-05,0.10535471034399276,0.08953126872526533,,,
ascii_text,full,1,16,9.808288538928914e-08,0.09178283185209442,0.08581104552795174,,,
ascii_text,no_decomp,1,17,0.3714775147540931,0.13124153454925455,0.09087895270336188,,,
ascii_text,full,1,17,0.3179740449445646,0.11850945040939727,0.09516511543030783,,,
ascii_text,no_decomp,1,18,0.5206401554524405,0.073492027211652,0.08030213465354034,,,
ascii_text,full,1,18,0.5993540749051771,0.0912314535432178,0.09706560570375196,,,
ascii_text,no_decomp,1,19,0.0,0.10405630083469923,0.08925456410795292,,,
ascii_text,full,1,19,3.6626765686938493e-261,0.10150956110965077,0.10726238979807923,,,
ascii_text,no_decomp,1,20,0.0,0.5141636858147023,0.29715216840644365,,,
ascii_text,full,1,20,0.0,0.46351256948917696,0.2541187860898861,,,
ascii_text,no_decomp,1,21,1.690912200422133e-30,0.10512938343629005,0.08488795359486055,,,
ascii_text,full,1,21,3.998505467045957e-34,0.10237798570628466,0.09701089918059085,,,
ascii_text,no_decomp,1,22,7.295212823036667e-297,0.12638197100951948,0.08250566306121497,,,
ascii_text,full,1,22,0.0,0.12231984077039336,0.09528210304286135,,,
ascii_text,no_decomp,1,23,2.0892947797443888e-17,0.07197502811558673,0.10091808662377148,,,
ascii_text,full,1,23,3.661397328298946e-18,0.09423044963014782,0.1186468842100855,,,
ascii_text,no_decomp,1,24,3.102086835456095e-40,0.07289686940832385,0.08420206053576343,,,
ascii_text,full,1,24,7.71102681986308e-31,0.08279263714243502,0.08745414870527929,,,
ascii_text,no_decomp,1,25,1.1616179929054572e-50,0.09500910643511913,0.1043070586034614,,,
ascii_text,full,1,25,1.0346318419882098e-41,0.07729350883553925,0.0820466844356004,,,
ascii_text,no_decomp,1,26,0.9202108688537546,0.10481497789694907,0.13617032024775663,,,
ascii_text,full,1,26,0.980448878575936,0.05111277911944083,0.08313245732822562,,,
ascii_text,no_decomp,1,27,0.0,0.0684834728997023,0.08013031951517574,,,
ascii_text,full,1,27,0.0,0.08396520318780074,0.10443645316515211,,,
ascii_text,no_decomp,1,28,0.11626446365982407,0.09051474955998326,0.1203053672941993,,,
ascii_text,full,1,28,0.0022591761514958453,0.04596779944035057,0.06381587308211951,,,
ascii_text,cover,1,0,0.0,0.04022995370688525,0.01780475834231718,,,
ascii_text,cover,1,1,1.4600621832478588e-08,0.0,0.007903605650753338,,,
ascii_text,cover,1,2,5.309624594268073e-21,0.07321461434279733,0.08387105769291828,,,
ascii_text,cover,1,3,3.37607986769577e-91,0.10755389372325902,0.07057450628999633,,,
ascii_text,cover,1,4,3.400812610049536e-64,0.0,0.003949787491226781,,,
ascii_text,cover,1,5,1.0719656290594862e-84,0.0030101537347745435,0.0,,,
ascii_text,cover,1,6,8.435202413509356e-83,0.10836832262719738,0.0467851850008462,,,
ascii_text,cover,1,7,0.8933006816000942,0.007505896072164034,0.039928231448464545,,,
ascii_text,cover,1,8,7.677071895665625e-48,0.0,0.0,,,
ascii_text,cover,1,9,3.733534489569478e-22,0.00593783442561954,0.0,,,
ascii_text,cover,1,10,0.0,0.41467029626094876,0.22073847327209017,,,
ascii_text,cover,1,11,0.0,0.007937580280891263,0.006575236234637382,,,
ascii_text,cover,1,12,0.0,0.0,0.0,,,
ascii_text,cover,1,13,3.906484069535057e-17,0.0,0.0,,,
ascii_text,cover,1,14,8.749711751378213e-29,0.00390172924415872,0.004438234304130198,,,
ascii_text,cover,1,15,3.906484069535057e-17,0.0,0.0,,,
ascii_text,cover,1,16,8.159250511066146e-12,0.00602114395379416,0.0,,,
ascii_text,cover,1,17,0.05101594999135635,0.021654299520254307,0.005898903031078768,,,
ascii_text,cover,1,18,0.2195240920905804,0.020959373138568983,0.015691000540995904,,,
ascii_text,cover,1,19,0.0,0.03480289921311532,0.013718763942881506,,,
ascii_text,cover,1,20,0.0,0.4683281652123114,0.192461876123866,,,
ascii_text,cover,1,21,2.026826798841779e-39,0.01941539049302317,0.00026604133099672754,,,
ascii_text,cover,1,22,0.0,0.06300549627107752,0.02383397142606437,,,
ascii_text,cover,1,23,1.2215997011142896e-22,0.0,0.019271010063964228,,,
ascii_text,cover,1,24,8.662603408063465e-48,0.005130923295415994,0.0025313082822640944,,,
ascii_text,cover,1,25,1.949991634603566e-51,0.0028624600633730146,0.0,,,
ascii_text,cover,1,26,0.7622848759274033,0.0,0.005110464174320522,,,
ascii_text,cover,1,27,0.0,0.0,0.0,,,
ascii_text,cover,1,28,0.0004081507207802356,0.0,0.005418977866374009,,,
all_zeros,no_decomp,0,0,0.0,0.041082491650152195,0.017816812916963253,,,
all_zeros,full,0,0,0.0,0.09434775366259188,0.11221683876853056,,,
all_zeros,no_decomp,0,1,0.0,0.0,0.007658406231440937,,,
all_zeros,full,0,1,1.9411754573366153e-05,0.06767590123218332,0.08232998073935052,,,
all_zeros,no_decomp,0,2,1.5901381510616489e-261,0.0487726483000815,0.08300420781116585,,,
all_zeros,full,0,2,7.299319508549645e-14,0.13410315421930757,0.14356143044749473,,,
all_zeros,no_decomp,0,3,0.0,0.10227165466601837,0.04884090278083642,,,
all_zeros,full,0,3,1.4093278818056588e-71,0.21485502235907253,0.16941944854107155,,,
all_zeros,no_decomp,0,4,0.0,0.0,0.00449859443837077,,,
all_zeros,full,0,4,5.091435205717305e-63,0.06606419516878755,0.097695980324599,,,
all_zeros,no_decomp,0,5,0.0,0.0028464677268081246,0.0,,,
all_zeros,full,0,5,3.568692923617693e-73,0.06627793838181885,0.06694704336015375,,,
all_zeros,no_decomp,0,6,0.0,0.07387585981102401,0.002863466958354619,,,
all_zeros,full,0,6,6.066225426988272e-61,0.2035568606743303,0.1587450245819983,,,
all_zeros,no_decomp,0,7,1.1137675891497366e-223,0.0016190436827590293,0.039041004205188495,,,
all_zeros,full,0,7,0.9974626453171442,0.08642499890308278,0.11343723769563713,,,
all_zeros,no_decomp,0,8,0.0,0.0,0.001349459837253793,,,
all_zeros,full,0,8,4.724273129627709e-40,0.0701201493384255,0.09153340284725922,,,
all_zeros,no_decomp,0,9,2.122672998960481e-232,0.002554755202994766,0.0030128694859745185,,,
all_zeros,full,0,9,2.3430380316783207e-21,0.08364649423060642,0.08755853600855223,,,
all_zeros,no_decomp,0,10,0.0,0.37272596271551783,0.18736605330632125,,,
all_zeros,full,0,10,0.0,0.4400613457855811,0.2864029189318697,,,
all_zeros,no_decomp,0,11,0.0,0.014594550437259804,0.006223129601066954,,,
all_zeros,full,0,11,0.0,0.09063319231461198,0.0998660937462103,,,
all_zeros,no_decomp,0,12,0.0,0.0,0.0010836691662221658,,,
all_zeros,full,0,12,0.0,0.08121053056843579,0.08351732411501672,,,
all_zeros,no_decomp,0,13,4.9175310316014474e-285,0.0,0.0,,,
all_zeros,full,0,13,1.6434689377403486e-13,0.0994527343315285,0.09556581999946082,,,
all_zeros,no_decomp,0,14,8.710993988514994e-256,0.005142072188667284,0.005223299996977338,,,
all_zeros,full,0,14,4.0556897735604554e-17,0.08710985047181172,0.09622767345510241,,,
all_zeros,no_decomp,0,15,1.7363869016575073e-294,0.0,0.0,,,
all_zeros,full,0,15,3.7326013639831116e-14,0.08238711518480878,0.07068257979289366,,,
all_zeros,no_decomp,0,16,0.0,0.00879916055266965,0.0,,,
all_zeros,full,0,16,2.6602008782120255e-08,0.09641394075813854,0.08498429810216293,,,
all_zeros,no_decomp,0,17,1.1997420309488437e-241,0.0009446734783868375,0.004383430667797994,,,
all_zeros,full,0,17,0.14840843241268464,0.14548713829937274,0.09303992770234218,,,
all_zeros,no_decomp,0,18,1.1966466988727575e-213,0.04118596578914722,0.013691245933651897,,,
all_zeros,full,0,18,0.23399795418390484,0.08963066439304941,0.10380608810600635,,,
all_zeros,no_decomp,0,19,0.0,0.03642302862274128,0.0092266748950065,,,
all_zeros,full,0,19,3.031301985623761e-284,0.11183150255003517,0.10670729464457575,,,
all_zeros,no_decomp,0,20,0.0,0.4133121669180392,0.1462892715021588,,,
all_zeros,full,0,20,0.0,0.5346534128160961,0.3288942779571119,,,
all_zeros,no_decomp,0,21,0.0,0.019759119380479976,0.0027142354387115148,,,
all_zeros,full,0,21,8.138038824231541e-30,0.11261721937157056,0.09631146624273411,,,
all_zeros,no_decomp,0,22,0.0,0.058581155460448404,0.020512693900583367,,,
all_zeros,full,0,22,2.180236161248516e-211,0.1526731923288329,0.1340272631481574,,,
all_zeros,no_decomp,0,23,0.0,0.005124646068050037,0.013015145169492894,,,
all_zeros,full,0,23,5.845846270373157e-17,0.08629058584670475,0.1192092068300689,,,
all_zeros,no_decomp,0,24,1.9527457541898866e-269,0.007576343205315726,0.0036233003090969987,,,
all_zeros,full,0,24,4.2845382415628936e-39,0.08664303634780207,0.09684657744589761,,,
all_zeros,no_decomp,0,25,0.0,0.002581955391595576,0.0,,,
all_zeros,full,0,25,1.53626127207348e-41,0.07741843761241525,0.08307757051951915,,,
all_zeros,no_decomp,0,26,7.697642416112114e-223,0.0,0.0,,,
all_zeros,full,0,26,0.8079389575627691,0.016783406082542415,0.0770758662155687,,,
all_zeros,no_decomp,0,27,0.0,0.0,0.0,,,
all_zeros,full,0,27,0.0,0.07006078147212433,0.09255872049280395,,,
all_zeros,no_decomp,0,28,4.548246339736527e-249,0.0016870171595059745,0.005602749800279436,,,
all_zeros,full,0,28,0.005413600526933075,0.06548007306759414,0.08961252306729499,,,
all_zeros,cover,0,0,0.0,0.04022995370688525,0.01780475834231718,,,
all_zeros,cover,0,1,1.4600621832478588e-08,0.0,0.007903605650753338,,,
all_zeros,cover,0,2,5.309624594268073e-21,0.07321461434279733,0.08387105769291828,,,
all_zeros,cover,0,3,3.37607986769577e-91,0.10755389372325902,0.07057450628999633,,,
all_zeros,cover,0,4,3.400812610049536e-64,0.0,0.003949787491226781,,,
all_zeros,cover,0,5,1.0719656290594862e-84,0.0030101537347745435,0.0,,,
all_zeros,cover,0,6,8.435202413509356e-83,0.10836832262719738,0.0467851850008462,,,
all_zeros,cover,0,7,0.8933006816000942,0.007505896072164034,0.039928231448464545,,,
all_zeros,cover,0,8,7.677071895665625e-48,0.0,0.0,,,
all_zeros,cover,0,9,3.733534489569478e-22,0.00593783442561954,0.0,,,
all_zeros,cover,0,10,0.0,0.41467029626094876,0.22073847327209017,,,
all_zeros,cover,0,11,0.0,0.007937580280891263,0.006575236234637382,,,
all_zeros,cover,0,12,0.0,0.0,0.0,,,
all_zeros,cover,0,13,3.906484069535057e-17,0.0,0.0,,,
all_zeros,cover,0,14,8.749711751378213e-29,0.00390172924415872,0.004438234304130198,,,
all_zeros,cover,0,15,3.906484069535057e-17,0.0,0.0,,,
all_zeros,cover,0,16,8.159250511066146e-12,0.00602114395379416,0.0,,,
all_zeros,cover,0,17,0.05101594999135635,0.021654299520254307,0.005898903031078768,,,
all_zeros,cover,0,18,0.2195240920905804,0.020959373138568983,0.015691000540995904,,,
all_zeros,cover,0,19,0.0,0.03480289921311532,0.013718763942881506,,,
all_zeros,cover,0,20,0.0,0.4683281652123114,0.192461876123866,,,
all_zeros,cover,0,21,2.026826798841779e-39,0.01941539049302317,0.00026604133099672754,,,
all_zeros,cover,0,22,0.0,0.06300549627107752,0.02383397142606437,,,
all_zeros,cover,0,23,1.2215997011142896e-22,0.0,0.019271010063964228,,,
all_zeros,cover,0,24,8.662603408063465e-48,0.005130923295415994,0.0025313082822640944,,,
all_zeros,cover,0,25,1.949991634603566e-51,0.0028624600633730146,0.0,,,
all_zeros,cover,0,26,0.7622848759274033,0.0,0.005110464174320522,,,
all_zeros,cover,0,27,0.0,0.0,0.0,,,
all_zeros,cover,0,28,0.0004081507207802356,0.0,0.005418977866374009,,,
all_zeros,no_decomp,1,0,0.0,0.04078726152322098,0.01792732510980622,,,
all_zeros,full,1,0,0.0,0.09847541483171517,0.11764154366271021,,,
all_zeros,no_decomp,1,1,5.758664072614962e-253,0.0,0.010909808481316306,,,
all_zeros,full,1,1,5.0731651241827136e-06,0.07479942561232701,0.08385603262051901,,,
all_zeros,no_decomp,1,2,0.0,0.02728275762341729,0.06971801639782116,,,
all_zeros,full,1,2,0.25461543150407345,0.17892645524575454,0.17816599258662813,,,
all_zeros,no_decomp,1,3,0.0,0.10673575436406453,0.05207942624038362,,,
all_zeros,full,1,3,7.765295088421411e-66,0.18572207069329472,0.1508172983122947,,,
all_zeros,no_decomp,1,4,0.0,0.0,0.0049447967456738694,,,
all_zeros,full,1,4,3.215133640218045e-47,0.06836075795819391,0.08567297667068538,,,
all_zeros,no_decomp,1,5,0.0,0.0,0.0,,,
all_zeros,full,1,5,2.7395105385672177e-60,0.09958448504230528,0.08703827870933364,,,
all_zeros,no_decomp,1,6,0.0,0.08179566571409226,0.002863208579231109,,,
all_zeros,full,1,6,3.078101801550223e-75,0.20151091616587202,0.12393840876779678,,,
all_zeros,no_decomp,1,7,3.029282811338753e-228,0.0,0.03775787608641258,,,
all_zeros,full,1,7,0.9356862330377369,0.1072888978237405,0.12212668168178557,,,
all_zeros,no_decomp,1,8,0.0,0.0,0.0020086793355840005,,,
all_zeros,full,1,8,1.1473873587397825e-24,0.10879699510887449,0.13420683224763238,,,
all_zeros,no_decomp,1,9,1.0124679908951925e-246,0.010695762331985676,0.0022174761429776626,,,
all_zeros,full,1,9,7.429503703327098e-08,0.11176417803089868,0.11479753413026121,,,
all_zeros,no_decomp,1,10,0.0,0.3764318202048806,0.16938266074882832,,,
all_zeros,full,1,10,0.0,0.4261514126908258,0.25393986743538965,,,
all_zeros,no_decomp,1,11,0.0,0.010028239093483125,0.003818404802766303,,,
all_zeros,full,1,11,0.0,0.10051751586838348,0.10255975962190923,,,
all_zeros,no_decomp,1,12,0.0,0.00047869021231588583,0.0010734502086793244,,,
all_zeros,full,1,12,0.0,0.0814202451359191,0.09285440945643982,,,
all_zeros,no_decomp,1,13,3.1167787279462785e-267,0.0,0.0,,,
all_zeros,full,1,13,8.285590026549348e-14,0.09878947838563944,0.08754297077661378,,,
all_zeros,no_decomp,1,14,2.1233931262404975e-287,0.007442715224621342,0.0057935484403464806,,,
all_zeros,full,1,14,2.4449266420044503e-26,0.08708754507298849,0.10405931327007008,,,
all_zeros,no_decomp,1,15,5.790247315552242e-269,0.0,0.0,,,
all_zeros,full,1,15,6.456980662114448e-13,0.09589470903420569,0.0854019365343721,,,
all_zeros,no_decomp,1,16,2.1117333787352217e-295,0.011669689037151786,0.0,,,
all_zeros,full,1,16,4.318796597115768e-08,0.10131326449769479,0.10083090485012314,,,
all_zeros,no_decomp,1,17,5.128957643311835e-242,0.026367742136081024,0.011546542654157364,,,
all_zeros,full,1,17,0.3052038628424877,0.13103303246528458,0.11459079877686534,,,
all_zeros,no_decomp,1,18,3.1782204440614456e-204,0.04866181679769644,0.01764824411523891,,,
all_zeros,full,1,18,0.43960554804517743,0.10588058887268287,0.09934861812921532,,,
all_zeros,no_decomp,1,19,0.0,0.036270897063817434,0.005276575469724331,,,
all_zeros,full,1,19,5.0854267557935e-311,0.11017290322431214,0.1281943066181896,,,
all_zeros,no_decomp,1,20,0.0,0.4266194111063602,0.1419677757656054,,,
all_zeros,full,1,20,0.0,0.48721683039983815,0.25770001073889737,,,
all_zeros,no_decomp,1,21,0.0,0.021109054277017095,0.0023257813010409264,,,
all_zeros,full,1,21,7.440604996023384e-24,0.10922946081757452,0.09610018748538805,,,
all_zeros,no_decomp,1,22,0.0,0.06511161655249074,0.02230872206814357,,,
all_zeros,full,1,22,1.6224369246978035e-240,0.1316156205077737,0.11189771242775422,,,
all_zeros,no_decomp,1,23,1.711459643902493e-299,0.0,0.013922629416122228,,,
all_zeros,full,1,23,1.2576604013197106e-14,0.08126741573095256,0.12145159781821742,,,
all_zeros,no_decomp,1,24,3.082675669156621e-268,0.007232190435003479,0.0033444118002424433,,,
all_zeros,full,1,24,5.621010409409973e-33,0.08734116701144452,0.09891111191420159,,,
all_zeros,no_decomp,1,25,0.0,0.004931471637171861,0.0,,,
all_zeros,full,1,25,4.161064289146684e-47,0.07897700717085687,0.08819723677786194,,,
all_zeros,no_decomp,1,26,2.966302267843485e-202,0.0,0.0038490788786890175,,,
all_zeros,full,1,26,0.8809249851884746,0.05124245214248151,0.08960304736863962,,,
all_zeros,no_decomp,1,27,0.0,0.0,0.0,,,
all_zeros,full,1,27,0.0,0.07470430306233364,0.09227615749556087,,,
all_zeros,no_decomp,1,28,2.1495085203794795e-226,0.0,0.004525541066467657,,,
all_zeros,full,1,28,0.2868952860411618,0.09850240043934941,0.12599552366137792,,,
all_zeros,cover,1,0,0.0,0.04022995370688525,0.01780475834231718,,,
all_zeros,cover,1,1,1.4600621832478588e-08,0.0,0.007903605650753338,,,
all_zeros,cover,1,2,5.309624594268073e-21,0.07321461434279733,0.08387105769291828,,,
all_zeros,cover,1,3,3.37607986769577e-91,0.10755389372325902,0.07057450628999633,,,
all_zeros,cover,1,4,3.400812610049536e-64,0.0,0.003949787491226781,,,
all_zeros,cover,1,5,1.0719656290594862e-84,0.0030101537347745435,0.0,,,
all_zeros,cover,1,6,8.435202413509356e-83,0.10836832262719738,0.0467851850008462,,,
all_zeros,cover,1,7,0.8933006816000942,0.007505896072164034,0.039928231448464545,,,
all_zeros,cover,1,8,7.677071895665625e-48,0.0,0.0,,,
all_zeros,cover,1,9,3.733534489569478e-22,0.00593783442561954,0.0,,,
all_zeros,cover,1,10,0.0,0.41467029626094876,0.22073847327209017,,,
all_zeros,cover,1,11,0.0,0.007937580280891263,0.006575236234637382,,,
all_zeros,cover,1,12,0.0,0.0,0.0,,,
all_zeros,cover,1,13,3.906484069535057e-17,0.0,0.0,,,
all_zeros,cover,1,14,8.749711751378213e-29,0.00390172924415872,0.004438234304130198,,,
all_zeros,cover,1,15,3.906484069535057e-17,0.0,0.0,,,
all_zeros,cover,1,16,8.159250511066146e-12,0.00602114395379416,0.0,,,
all_zeros,cover,1,17,0.05101594999135635,0.021654299520254307,0.005898903031078768,,,
all_zeros,cover,1,18,0.2195240920905804,0.020959373138568983,0.015691000540995904,,,
all_zeros,cover,1,19,0.0,0.03480289921311532,0.013718763942881506,,,
all_zeros,cover,1,20,0.0,0.4683281652123114,0.192461876123866,,,
all_zeros,cover,1,21,2.026826798841779e-39,0.01941539049302317,0.00026604133099672754,,,
all_zeros,cover,1,22,0.0,0.06300549627107752,0.02383397142606437,,,
all_zeros,cover,1,23,1.2215997011142896e-22,0.0,0.019271010063964228,,,
all_zeros,cover,1,24,8.662603408063465e-48,0.005130923295415994,0.0025313082822640944,,,
all_zeros,cover,1,25,1.949991634603566e-51,0.0028624600633730146,0.0,,,
all_zeros,cover,1,26,0.7622848759274033,0.0,0.005110464174320522,,,
all_zeros,cover,1,27,0.0,0.0,0.0,,,
all_zeros,cover,1,28,0.0004081507207802356,0.0,0.005418977866374009,,,
