cover,keystream,d_bias,match_plaintext_xor
8091,reused (v1),0.0027472527472527375,1.0
8091,fresh nonce (v2),0.0025946275946275854,0.5001526251526252
6260,reused (v1),0.0027472527472527375,1.0
6260,fresh nonce (v2),0.00946275946275943,0.5033577533577533
9642,reused (v1),0.0027472527472527375,1.0
9642,fresh nonce (v2),0.001831501831501825,0.5015262515262515
8444,reused (v1),0.0028998778998778896,1.0
8444,fresh nonce (v2),0.006715506715506692,0.5059523809523809
1264,reused (v1),0.0027472527472527375,1.0
1264,fresh nonce (v2),0.004731379731379715,0.4971001221001221
7865,reused (v1),0.0027472527472527375,1.0
7865,fresh nonce (v2),0.01205738705738707,0.49038461538461536
5263,reused (v1),0.0027472527472527375,1.0
5263,fresh nonce (v2),0.0028998778998778896,0.5044261294261294
279,reused (v1),0.0028998778998778896,1.0
279,fresh nonce (v2),0.007631257631257604,0.5035103785103785
7741,reused (v1),0.0027472527472527375,1.0
7741,fresh nonce (v2),0.003968253968253954,0.5027472527472527
5559,reused (v1),0.0028998778998778896,1.0
5559,fresh nonce (v2),0.008547008547008517,0.49923687423687424
2495,reused (v1),0.0028998778998778896,1.0
2495,fresh nonce (v2),0.0015262515262515208,0.5099206349206349
2340,reused (v1),0.0028998778998778896,1.0
2340,fresh nonce (v2),0.0024420024420024333,0.48885836385836384
6502,reused (v1),0.0027472527472527375,1.0
6502,fresh nonce (v2),0.00030525030525030417,0.49481074481074483
9427,reused (v1),0.0028998778998778896,1.0
9427,fresh nonce (v2),0.00045787545787545625,0.49603174603174605
1160,reused (v1),0.0028998778998778896,1.0
1160,fresh nonce (v2),0.005647130647130627,0.5091575091575091
1598,reused (v1),0.0028998778998778896,1.0
1598,fresh nonce (v2),0.021214896214896195,0.5082417582417582
9860,reused (v1),0.0028998778998778896,1.0
9860,fresh nonce (v2),0.0064102564102563875,0.5044261294261294
7617,reused (v1),0.0028998778998778896,1.0
7617,fresh nonce (v2),0.0010683760683760646,0.49786324786324787
6178,reused (v1),0.0027472527472527375,1.0
6178,fresh nonce (v2),0.011752136752136766,0.5047313797313797
3733,reused (v1),0.0028998778998778896,1.0
3733,fresh nonce (v2),0.0024420024420024333,0.4952686202686203
2110,reused (v1),0.0028998778998778896,1.0
2110,fresh nonce (v2),0.002136752136752129,0.5141941391941391
3714,reused (v1),0.0027472527472527375,1.0
3714,fresh nonce (v2),0.0045787545787545625,0.4911477411477411
869,reused (v1),0.0028998778998778896,1.0
869,fresh nonce (v2),0.001831501831501825,0.4864163614163614
788,reused (v1),0.0028998778998778896,1.0
788,fresh nonce (v2),0.001678876678876673,0.4884004884004884
974,reused (v1),0.0027472527472527375,1.0
974,fresh nonce (v2),0.0024420024420024333,0.5018315018315018
7184,reused (v1),0.0027472527472527375,1.0
7184,fresh nonce (v2),0.0013736263736263687,0.5010683760683761
7736,reused (v1),0.0028998778998778896,1.0
7736,fresh nonce (v2),0.004273504273504258,0.5038156288156288
3497,reused (v1),0.0028998778998778896,1.0
3497,fresh nonce (v2),0.007783882783882756,0.5067155067155067
1974,reused (v1),0.0027472527472527375,1.0
1974,fresh nonce (v2),0.005799755799755779,0.507020757020757
6351,reused (v1),0.0027472527472527375,1.0
6351,fresh nonce (v2),0.012362637362637374,0.5004578754578755
5849,reused (v1),0.0028998778998778896,1.0
5849,fresh nonce (v2),0.003357753357753346,0.5053418803418803
2404,reused (v1),0.0027472527472527375,1.0
2404,fresh nonce (v2),0.004120879120879106,0.49007936507936506
6339,reused (v1),0.0027472527472527375,1.0
6339,fresh nonce (v2),0.008394383394383365,0.49374236874236876
3987,reused (v1),0.0028998778998778896,1.0
3987,fresh nonce (v2),0.0006105006105006083,0.4958791208791209
9377,reused (v1),0.0027472527472527375,1.0
9377,fresh nonce (v2),0.0012210012210012167,0.5057997557997558
9448,reused (v1),0.0027472527472527375,1.0
9448,fresh nonce (v2),0.008394383394383365,0.4803113553113553
4609,reused (v1),0.0028998778998778896,1.0
4609,fresh nonce (v2),0.00030525030525030417,0.5086996336996337
8276,reused (v1),0.0028998778998778896,1.0
8276,fresh nonce (v2),0.009615384615384581,0.49511599511599513
3067,reused (v1),0.0028998778998778896,1.0
3067,fresh nonce (v2),0.003510378510378498,0.49603174603174605
320,reused (v1),0.0027472527472527375,1.0
320,fresh nonce (v2),0.007936507936507964,0.4990842490842491
2293,reused (v1),0.0028998778998778896,1.0
2293,fresh nonce (v2),0.00366300366300365,0.5025946275946276
8319,reused (v1),0.0028998778998778896,1.0
8319,fresh nonce (v2),0.0022893772893772812,0.5006105006105006
1272,reused (v1),0.0027472527472527375,1.0
1272,fresh nonce (v2),0.002136752136752129,0.4945054945054945
3010,reused (v1),0.0028998778998778896,1.0
3010,fresh nonce (v2),0.00030525030525030417,0.5016788766788767
9513,reused (v1),0.0028998778998778896,1.0
9513,fresh nonce (v2),0.0022893772893772812,0.49694749694749696
2694,reused (v1),0.0027472527472527375,1.0
2694,fresh nonce (v2),0.0146520146520146,0.5
5680,reused (v1),0.0028998778998778896,1.0
5680,fresh nonce (v2),0.0045787545787545625,0.4913003663003663
4537,reused (v1),0.0027472527472527375,1.0
4537,fresh nonce (v2),0.0013736263736263687,0.4943528693528694
2639,reused (v1),0.0028998778998778896,1.0
2639,fresh nonce (v2),0.006715506715506692,0.5099206349206349
7705,reused (v1),0.0028998778998778896,1.0
7705,fresh nonce (v2),0.001831501831501825,0.5132783882783882
5724,reused (v1),0.0028998778998778896,1.0
5724,fresh nonce (v2),0.004731379731379715,0.4880952380952381
6395,reused (v1),0.0027472527472527375,1.0
6395,fresh nonce (v2),0.0073260073260073,0.49694749694749696
7443,reused (v1),0.0028998778998778896,1.0
7443,fresh nonce (v2),0.01129426129426131,0.501984126984127
7598,reused (v1),0.0027472527472527375,1.0
7598,fresh nonce (v2),0.0,0.49145299145299143
2287,reused (v1),0.0028998778998778896,1.0
2287,fresh nonce (v2),0.001984126984126977,0.503968253968254
1932,reused (v1),0.0027472527472527375,1.0
1932,fresh nonce (v2),0.005952380952380931,0.5044261294261294
3108,reused (v1),0.0028998778998778896,1.0
3108,fresh nonce (v2),0.001831501831501825,0.49954212454212454
9802,reused (v1),0.0028998778998778896,1.0
9802,fresh nonce (v2),0.004884004884004867,0.5038156288156288
3237,reused (v1),0.0027472527472527375,1.0
3237,fresh nonce (v2),0.01251526251526247,0.5
42,reused (v1),0.0028998778998778896,1.0
42,fresh nonce (v2),0.009004884004883973,0.4923687423687424
7024,reused (v1),0.0028998778998778896,1.0
7024,fresh nonce (v2),0.007020757020756996,0.4955738705738706
1829,reused (v1),0.0028998778998778896,1.0
1829,fresh nonce (v2),0.011904761904761862,0.5028998778998779
2182,reused (v1),0.0027472527472527375,1.0
2182,fresh nonce (v2),0.00839438339438342,0.5062576312576312
9136,reused (v1),0.0028998778998778896,1.0
9136,fresh nonce (v2),0.0006105006105006083,0.4983211233211233
8175,reused (v1),0.0028998778998778896,1.0
8175,fresh nonce (v2),0.005341880341880323,0.49603174603174605
2203,reused (v1),0.0028998778998778896,1.0
2203,fresh nonce (v2),0.00366300366300365,0.5093101343101343
1028,reused (v1),0.0027472527472527375,1.0
1028,fresh nonce (v2),0.0006105006105006083,0.5048840048840049
1113,reused (v1),0.0028998778998778896,1.0
1113,fresh nonce (v2),0.00442612942612941,0.4935897435897436
4588,reused (v1),0.0028998778998778896,1.0
4588,fresh nonce (v2),0.007478632478632452,0.4887057387057387
2117,reused (v1),0.0027472527472527375,1.0
2117,fresh nonce (v2),0.00015262515262515208,0.5028998778998779
318,reused (v1),0.0028998778998778896,1.0
318,fresh nonce (v2),0.008394383394383365,0.5103785103785103
3253,reused (v1),0.0027472527472527375,1.0
3253,fresh nonce (v2),0.00045787545787545625,0.4964896214896215
6094,reused (v1),0.0028998778998778896,1.0
6094,fresh nonce (v2),0.0024420024420024333,0.501984126984127
1496,reused (v1),0.0028998778998778896,1.0
1496,fresh nonce (v2),0.008241758241758212,0.5123626373626373
9484,reused (v1),0.0028998778998778896,1.0
9484,fresh nonce (v2),0.00015262515262515208,0.5036630036630036
2929,reused (v1),0.0027472527472527375,1.0
2929,fresh nonce (v2),0.004273504273504258,0.5
9914,reused (v1),0.0028998778998778896,1.0
9914,fresh nonce (v2),0.011904761904761918,0.49282661782661785
2236,reused (v1),0.0028998778998778896,1.0
2236,fresh nonce (v2),0.003968253968253954,0.5041208791208791
2034,reused (v1),0.0028998778998778896,1.0
2034,fresh nonce (v2),0.004120879120879106,0.5054945054945055
7206,reused (v1),0.0028998778998778896,1.0
7206,fresh nonce (v2),0.004884004884004867,0.49252136752136755
2546,reused (v1),0.0027472527472527375,1.0
2546,fresh nonce (v2),0.013431013431013439,0.49603174603174605
8971,reused (v1),0.0028998778998778896,1.0
8971,fresh nonce (v2),0.0032051282051281937,0.5061050061050061
8102,reused (v1),0.0027472527472527375,1.0
8102,fresh nonce (v2),0.007020757020756996,0.5009157509157509
9548,reused (v1),0.0027472527472527375,1.0
9548,fresh nonce (v2),0.009768009768009789,0.49786324786324787
2202,reused (v1),0.0027472527472527375,1.0
2202,fresh nonce (v2),0.0007631257631257604,0.48977411477411475
8132,reused (v1),0.0028998778998778896,1.0
8132,fresh nonce (v2),0.015109890109890112,0.5097680097680097
6165,reused (v1),0.0028998778998778896,1.0
6165,fresh nonce (v2),0.0073260073260073,0.5065628815628815
5088,reused (v1),0.0028998778998778896,1.0
5088,fresh nonce (v2),0.0030525030525030417,0.5025946275946276
47,reused (v1),0.0027472527472527375,1.0
47,fresh nonce (v2),0.00030525030525030417,0.5021367521367521
2159,reused (v1),0.0027472527472527375,1.0
2159,fresh nonce (v2),0.017551892551892545,0.4964896214896215
4655,reused (v1),0.0028998778998778896,1.0
4655,fresh nonce (v2),0.003510378510378498,0.5012210012210012
4440,reused (v1),0.0028998778998778896,1.0
4440,fresh nonce (v2),0.009768009768009789,0.49068986568986567
8406,reused (v1),0.0027472527472527375,1.0
8406,fresh nonce (v2),0.014652014652014655,0.49633699633699635
3719,reused (v1),0.0027472527472527375,1.0
3719,fresh nonce (v2),0.005036630036630019,0.4977106227106227
3974,reused (v1),0.0028998778998778896,1.0
3974,fresh nonce (v2),0.008547008547008572,0.48885836385836384
5613,reused (v1),0.0028998778998778896,1.0
5613,fresh nonce (v2),0.0030525030525030417,0.4778693528693529
8413,reused (v1),0.0027472527472527375,1.0
8413,fresh nonce (v2),0.011599511599511558,0.5155677655677655
8981,reused (v1),0.0027472527472527375,1.0
8981,fresh nonce (v2),0.00946275946275943,0.5003052503052503
7565,reused (v1),0.0027472527472527375,1.0
7565,fresh nonce (v2),0.0012210012210012167,0.49175824175824173
3973,reused (v1),0.0027472527472527375,1.0
3973,fresh nonce (v2),0.003968253968253954,0.5091575091575091
