method,rate,count,mean,std
AMDT,0.05,10,6.524212792143226,2.2446011416458407
AMDT,0.1,10,6.286573105398565,1.4222391607536538
AMDT,0.2,10,9.245170160848648,1.8572687810308963
AMDT,0.4,10,13.033506747428328,2.301886666018156
AMDT-D,0.05,10,2.81823509382084,0.6699265280332369
AMDT-D,0.1,10,3.1781759718433022,0.7510139636734899
AMDT-D,0.2,10,4.22592187775299,0.5610059267760797
AMDT-D,0.4,10,4.993031307589263,0.8590105768800771
AMDT-D:no_search,0.1,10,0.44248338993638753,0.009016840984700918
AMDT:no_ga,0.1,10,7.2595627552829685,1.4746522864208471
AMDT:no_search,0.1,10,0.04095721486955875,0.0017070283222013437
AMDT:single_seg,0.1,10,1.2246766962110995,0.3520045832766396
EA-LSB,0.05,10,0.07249879026785488,0.007060491683713965
EA-LSB,0.1,10,0.06956928512081499,0.006032546527205726
EA-LSB,0.2,10,0.0682239017449319,0.005957535473778354
EA-LSB,0.4,10,0.07124449415132397,0.006845431688781149
EvoHILL-STC,0.05,10,0.6531497704796493,0.05258097603210381
EvoHILL-STC,0.1,10,0.6531873585656285,0.008446189780693142
EvoHILL-STC,0.2,10,0.6719620297662914,0.008042798143798702
EvoHILL-STC,0.4,10,0.7120401278138161,0.009461362525012902
FM-PSO-LSB,0.05,10,3.616548292338848,0.4346530203800489
FM-PSO-LSB,0.1,10,4.44299484519288,0.20699881006885815
FM-PSO-LSB,0.2,10,5.949981726240367,0.12069087161121826
FM-PSO-LSB,0.4,10,8.705776880308985,0.3934777515113234
GA-FT,0.05,10,1.2326628647744655,0.7241261597535221
GA-FT,0.1,10,1.1578809312544762,0.23003291948667523
GA-FT,0.2,10,1.5959259359166027,0.22664942929962564
GA-FT,0.4,10,2.479597669839859,0.2674354075012281
HILL-SIM,0.05,10,0.48091927440837023,0.017347458360623055
HILL-SIM,0.1,10,0.4782817085273564,0.012199508817399743
HILL-SIM,0.2,10,0.485508438013494,0.017589721919045627
HILL-SIM,0.4,10,0.4814732551574707,0.013714560213600752
HILL-STC,0.05,10,0.7285561189055443,0.05870021507997051
HILL-STC,0.1,10,0.7239036838524043,0.01937609076982586
HILL-STC,0.2,10,0.727348993346095,0.00637779345068565
HILL-STC,0.4,10,0.8570310906507075,0.05204721248166597
LSB,0.05,10,0.00024246778339143002,8.579110064686742e-05
LSB,0.1,10,0.0002948123030364,0.00012029457772039847
LSB,0.2,10,0.00029812520369881,1.580152445441517e-05
LSB,0.4,10,0.00046426365151996,6.592917470678535e-05
LSB-M,0.05,10,0.00722622498869892,7.151431398831101e-05
LSB-M,0.1,10,0.00754678780212994,0.00012820622342114512
LSB-M,0.2,10,0.0081512719392776,8.608663829821778e-05
LSB-M,0.4,10,0.00937299691140646,5.812700402095781e-05
MiPOD-SIM,0.05,10,2.308950598258525,0.2577700621966822
MiPOD-SIM,0.1,10,2.3021193478256463,0.26847266919711577
MiPOD-SIM,0.2,10,2.4624294958077373,0.5376029614112076
MiPOD-SIM,0.4,10,2.555243154987693,0.27219837492600074
MiPOD-STC,0.05,10,2.6070633850060405,0.20136194645783537
MiPOD-STC,0.1,10,2.6757245984859765,0.22483046311846297
MiPOD-STC,0.2,10,2.8740468215197326,0.504801545285662
MiPOD-STC,0.4,10,3.0014719904400406,0.5796396547132447
PVD,0.05,10,0.01727580893784757,0.0005077773631813926
PVD,0.1,10,0.03455374650657172,0.0010013739703308435
PVD,0.2,10,0.06869575651362533,0.0019832844014948756
PVD,0.4,10,0.13578879293054338,0.0027949618718497065
S-UNIWARD-SIM,0.05,10,1.8637310741469264,0.3287128161209289
S-UNIWARD-SIM,0.1,10,1.8852754677645862,0.28612043231276624
S-UNIWARD-SIM,0.2,10,1.7898280130699278,0.04602348242712901
S-UNIWARD-SIM,0.4,10,1.8022469573654234,0.04328593276415755
S-UNIWARD-STC,0.05,10,1.448853006400168,0.045233276815250766
S-UNIWARD-STC,0.1,10,1.4710729578509927,0.0312885410073848
S-UNIWARD-STC,0.2,10,1.4845702468417585,0.040673618737587465
S-UNIWARD-STC,0.4,10,1.4963437041267753,0.01053129238380678
WOW-SIM,0.05,10,3.575977479480207,4.932782348419336
WOW-SIM,0.1,10,1.6682882880792023,0.05530789716919021
WOW-SIM,0.2,10,1.659894648939371,0.043776126261100196
WOW-SIM,0.4,10,1.7952239474281668,0.24237221657680189
WOW-STC,0.05,10,1.5845288812182843,0.08289340178296035
WOW-STC,0.1,10,1.5645524405874311,0.03655333383281466
WOW-STC,0.2,10,1.5743627586401998,0.0378163223981765
WOW-STC,0.4,10,1.8286228216253222,0.05765017738191676
