method,count,mean,std
AMDT,40,8.772365701454692,3.3528571307145802
AMDT-D,40,3.803841062751599,1.1110294253622486
AMDT-D:no_search,10,0.44248338993638753,0.009016840984700918
AMDT:no_ga,10,7.2595627552829685,1.4746522864208471
AMDT:no_search,10,0.04095721486955875,0.0017070283222013437
AMDT:single_seg,10,1.2246766962110995,0.3520045832766396
EA-LSB,40,0.07038411782123144,0.006450550855489032
EvoHILL-STC,40,0.6725848216563464,0.03581420314486037
FM-PSO-LSB,40,5.67882543602027,1.985671206742171
GA-FT,40,1.616516850446351,0.6666356836714575
HILL-SIM,40,0.48154566902667284,0.01501520097777309
HILL-STC,40,0.7592099716886878,0.06921528835765103
LSB,40,0.00032491723541165,0.00011505179893159289
LSB-M,40,0.00807432041037823,0.0008349950715052914
MiPOD-SIM,40,2.4071856492199,0.357028567117139
MiPOD-STC,40,2.7895766988629473,0.4272812431057801
PVD,40,0.064078526222147,0.04595871437219743
S-UNIWARD-SIM,40,1.835270378086716,0.21542090001065323
S-UNIWARD-STC,40,1.4752099788049235,0.037748493125601426
WOW-SIM,40,2.174846090981737,2.510772335252166
WOW-STC,40,1.6380167255178093,0.12435003689909507
