cover,fold
9839,4
6384,3
6221,4
352,3
5286,0
890,0
1664,4
2911,1
6507,1
1273,0
5241,1
3014,3
6847,1
3103,3
7461,4
868,0
3375,3
8915,1
6340,3
9279,1
5416,1
3569,4
9823,2
2059,4
9767,4
7111,4
1153,3
1641,1
3315,4
7517,3
5580,2
9894,0
5064,3
2724,4
6762,3
1700,1
3945,2
9968,2
5383,3
2869,1
5627,3
4925,3
9614,2
7306,2
8743,4
4047,3
2632,2
6188,1
9511,2
5692,4
3367,4
7802,3
9214,3
209,0
4362,0
4777,4
7987,0
745,1
647,4
155,2
6533,4
4279,3
6404,4
1427,2
5646,1
5493,1
9726,3
6225,1
3774,0
3983,3
1923,2
9422,4
7543,4
8253,2
390,4
8703,1
5658,0
8675,3
5495,4
3749,0
9723,4
5474,1
7831,0
9055,3
5860,2
744,2
1286,3
7772,3
5130,1
3091,1
9710,4
3083,3
1340,1
1670,4
7279,1
8653,3
5956,1
2834,4
4063,4
9565,3
2967,3
682,4
2018,2
2821,1
7245,0
4316,1
4618,0
8872,3
1916,0
8763,3
6184,4
6882,0
7405,2
5924,2
1694,0
4245,2
9057,3
8178,0
7068,1
1799,2
3505,4
8701,4
2360,4
8218,4
1079,1
5146,1
3385,3
5813,4
1752,2
176,4
7233,3
7819,3
2133,2
1830,3
5824,1
7368,0
2766,2
6104,2
9296,0
6499,3
7417,1
5345,0
1875,4
1373,0
7476,4
6746,4
9845,2
9070,4
2826,1
9365,1
6371,3
8198,1
8813,1
1821,2
5342,4
1230,2
9362,2
8733,3
3532,3
9337,3
8932,2
692,0
9575,1
6791,2
3928,2
7326,1
4812,0
3502,4
3154,2
8213,2
2490,0
4995,2
2374,2
5718,3
4234,0
1117,2
6531,1
4920,3
7651,3
9178,2
2207,3
5000,3
3765,3
9812,3
5167,2
5809,1
4280,0
1392,3
1468,1
555,3
3363,3
5528,4
7255,1
5028,1
6682,0
6686,0
1967,1
7767,1
9986,0
9876,4
5974,2
2262,0
3256,1
119,3
9182,1
4311,0
3075,1
2046,3
1385,3
5156,2
1610,1
3830,2
3571,0
9370,1
9977,0
1601,2
1460,4
404,3
917,4
7129,2
7361,3
9210,2
3319,0
5294,1
2354,2
7356,2
8564,2
705,4
5971,2
888,0
3323,3
7275,3
7535,1
7991,0
9262,3
531,1
2369,2
3361,3
3418,4
8177,2
9892,0
1577,0
7894,2
3343,1
21,3
9706,4
3722,2
4022,1
6454,3
7270,2
7433,4
7519,3
7522,3
4450,2
8728,0
6089,3
335,3
2589,0
4807,4
7412,3
6786,1
5285,0
7050,4
5802,1
2002,1
9709,0
5109,2
7264,0
4128,2
6482,3
6844,2
1312,1
9810,0
2806,1
6190,4
1811,1
5222,3
9095,1
665,1
2070,0
2074,3
463,3
2712,1
2352,2
3605,4
8718,1
4083,0
9447,4
5846,1
248,4
1100,4
416,1
7114,4
6376,1
6556,0
1615,1
1845,0
5472,4
262,4
1619,3
2448,1
3474,2
808,0
8681,4
7411,3
2840,4
1665,4
5990,0
7850,0
1231,1
5761,2
5833,0
6080,1
2172,4
8837,3
8256,4
7664,0
4448,4
1026,0
5599,4
8093,3
207,2
8536,1
6407,4
5922,1
8069,2
4710,1
1214,3
7256,0
203,1
2001,3
987,1
6335,0
9877,3
8352,0
2626,4
914,4
3963,4
4977,0
880,2
7946,0
8469,3
7440,1
8203,2
4843,3
3389,4
3955,4
833,2
5942,3
4302,4
7352,1
4533,3
944,1
8716,4
8287,4
1961,1
9278,3
3492,4
5389,4
3119,1
8533,0
8457,3
1613,3
9910,4
8039,0
5111,1
8869,0
7479,0
8761,1
2131,1
6562,1
3926,4
2885,2
350,0
5160,2
1044,1
9282,0
2584,2
978,4
6238,2
8019,3
6092,4
4536,0
6318,3
863,4
9608,1
7853,4
813,1
3522,4
6356,3
8327,0
1393,3
5449,2
2376,0
8962,0
2553,3
3217,2
3470,2
7061,2
736,0
5553,1
7033,2
1593,4
652,3
7277,4
9458,3
3282,2
6416,2
5728,0
7533,4
1058,1
4506,4
4621,3
2091,1
3275,0
5299,1
8387,3
8579,1
7860,2
4720,3
1443,0
7198,4
1544,0
6998,0
4166,2
1435,3
6528,0
6175,0
2397,3
359,3
5782,0
1012,4
3104,1
634,0
2012,2
3084,3
1643,0
8272,1
8428,0
6648,1
8018,0
8781,2
5815,2
8911,3
6846,3
7624,1
7731,0
843,3
7379,3
1534,4
2904,0
283,0
8851,4
970,1
1857,2
7985,1
7097,4
366,3
9664,0
3189,0
1060,1
1228,1
204,1
3901,2
2123,4
9801,1
8354,3
636,3
802,4
4823,2
2187,1
504,1
6456,1
1307,0
2162,4
6748,1
112,2
4500,4
6053,3
8245,0
6136,4
9878,2
1289,0
5696,1
3421,2
5949,0
4465,0
9702,3
1740,1
1167,2
9985,2
5162,2
6046,2
1718,3
2401,0
1063,4
4827,4
3364,3
3169,0
1786,4
550,1
4395,0
7509,1
9584,2
2923,0
7309,4
9250,2
693,3
8866,2
8322,2
3400,0
4723,3
9920,4
4737,2
1045,4
4978,0
1103,1
2026,4
4324,1
7010,1
1243,2
3046,2
820,1
3738,2
6919,2
9561,2
770,4
1698,4
9811,4
9106,3
6437,3
6011,2
6825,4
1261,4
174,3
1793,2
3778,2
5869,1
3255,1
4014,0
34,3
6129,4
1687,2
2730,0
1195,3
9160,3
4145,3
2045,3
9085,1
933,2
4715,4
3391,1
3339,1
199,3
493,2
4092,4
4850,4
3199,2
8332,4
182,4
708,4
9233,1
4421,0
6220,4
6118,1
7724,0
6034,2
9652,4
749,3
3226,4
7957,1
2396,1
8987,1
1194,1
9718,2
3784,0
3646,4
8529,3
2130,3
4644,0
1981,3
4282,4
8895,2
6087,2
1552,3
6026,0
3070,1
7648,2
1627,3
8442,1
4570,2
5717,3
7004,4
70,1
2295,0
2833,3
2644,2
8667,4
6987,2
6609,2
1672,2
4663,4
5807,0
4983,0
8913,0
337,1
5821,1
6662,0
9440,3
3967,3
4773,0
2564,4
5594,0
5577,0
405,2
3479,0
6055,3
6229,1
1519,1
5045,4
2540,2
8641,3
3383,1
2030,0
8532,0
3011,0
5547,4
5231,1
1697,3
5554,1
948,0
8780,1
5459,2
2874,2
2979,0
78,4
7070,4
6767,4
1008,0
4431,3
1494,4
412,3
9487,4
421,2
2494,1
1225,4
6923,3
4910,0
9747,1
5987,0
2418,4
2198,1
8554,0
3961,1
4619,1
3009,0
8966,1
1174,4
3726,0
1657,2
7889,0
9281,1
574,0
7317,1
6503,2
8012,3
5643,2
2278,2
4624,3
8686,1
3040,2
907,0
6577,0
3819,0
161,2
131,1
1969,3
6948,0
3079,3
7631,1
8237,3
6593,2
3096,3
2634,0
1108,0
1132,0
9048,3
8779,1
1265,2
315,0
2747,4
1019,3
925,0
6968,4
8390,3
9973,0
2051,2
9441,3
8678,4
8719,4
4544,3
5914,3
8940,1
1432,3
4200,0
3748,4
5966,0
8059,1
7875,0
6052,3
5520,2
2268,4
583,4
3567,0
1997,1
854,0
8105,1
4796,4
1081,2
2005,2
5399,2
4386,3
5652,4
8114,0
1241,3
9923,0
2297,2
5875,1
8785,4
664,4
7756,1
3878,0
2084,0
2230,3
7490,1
1181,2
133,0
4558,2
5753,0
8076,3
5798,1
4934,0
9029,2
715,0
2768,4
6383,2
6196,2
5722,0
6683,4
2290,3
7962,3
1220,2
6413,4
7312,3
2242,2
4628,1
732,2
50,2
8348,2
2392,0
4740,0
263,4
2420,0
6149,1
1464,1
4953,0
8836,0
2342,2
9797,4
24,0
9098,1
6726,0
4001,3
5626,2
8832,2
6370,3
6346,1
7134,1
3607,4
8535,4
7967,3
6557,0
4646,1
687,2
6047,4
8756,4
927,1
2836,4
9301,0
6200,3
2773,3
2775,4
3668,3
2672,1
5762,1
9093,3
6770,4
2883,3
2608,2
6930,1
2015,0
1466,1
8303,2
5534,1
6665,1
6731,2
1188,3
4410,0
5810,2
8778,0
2455,4
8131,4
6294,1
2245,0
4512,1
8793,4
5042,0
9759,1
6038,4
8495,2
6870,3
921,3
6702,4
1239,2
8711,2
5257,1
2428,2
2523,0
568,0
9426,2
9421,3
3759,2
3671,3
4078,1
5595,0
3919,4
7237,4
6274,3
7837,1
7590,0
3165,1
1991,2
484,4
9787,2
9264,4
7158,2
4584,0
760,4
4365,2
9959,0
2854,0
186,3
2960,0
1240,4
4724,2
2296,0
7658,4
8599,2
6611,3
8765,4
6134,1
4891,4
1728,3
9752,3
2861,2
9690,3
1325,2
7253,1
3333,1
1388,4
9695,1
5719,1
2518,1
3471,0
2149,2
9549,1
9393,2
8288,3
768,3
507,4
3233,2
4919,4
3674,4
8241,3
5503,4
9177,4
5181,2
6027,3
7250,4
6954,3
9121,4
5301,3
6042,1
4658,3
2843,1
4136,0
7778,0
6403,3
138,0
9398,4
2220,2
7011,2
3101,4
2711,4
2402,3
5032,2
3438,0
2785,4
7308,1
4276,1
8963,4
480,0
3260,0
5677,4
3930,2
5991,2
123,0
2140,2
9523,2
6518,1
614,2
7654,1
8482,3
5215,0
988,1
775,1
1110,3
1678,3
4622,2
9737,1
2206,1
9328,3
8662,4
8219,0
2664,2
8930,0
3310,0
3622,3
8374,3
9609,1
6012,4
3944,1
8261,3
9573,3
6582,4
9137,3
4407,4
7135,3
3752,0
1777,2
4011,0
7969,4
4307,2
5119,2
9192,3
7732,2
2472,2
5584,4
9585,3
7260,2
1152,4
9353,4
6464,2
8270,1
2987,2
6788,1
2534,3
9200,0
1648,1
7288,4
4998,4
5709,3
8082,4
3102,0
1702,0
3984,2
8622,2
6312,0
1859,0
3617,0
6106,3
1950,2
6348,0
6157,2
8394,4
6538,2
4873,2
9630,4
4516,2
7893,0
872,0
7761,1
4138,1
3981,2
8017,0
2186,0
1717,4
618,2
5315,2
9171,3
