method,epoch,train_loss,val_pe,val_acc,lr,elapsed_s
pretrain-LSBM,1,0.834857068527704,0.4925,0.5,0.0009972609476841,20.15523743629456
pretrain-LSBM,2,0.6931766401762249,0.4825,0.505,0.0009890738003669,38.19473052024841
pretrain-LSBM,3,0.6931361898608591,0.49,0.5,0.0009755282581475,56.22852945327759
pretrain-LSBM,4,0.6931176548716665,0.49,0.5025,0.0009567727288213,74.291677236557
pretrain-LSBM,5,0.6931008401958422,0.48,0.505,0.0009330127018922,92.33770275115968
pretrain-LSBM,6,0.6930758309090275,0.4825,0.51,0.0009045084971874,110.38392186164856
pretrain-LSBM,7,0.6930373770067062,0.485,0.5075,0.0008715724127386,128.39188051223755
pretrain-LSBM,8,0.6929905853052248,0.475,0.51,0.0008345653031794,146.4107449054718
pretrain-LSBM,9,0.692904614854133,0.4825,0.5075,0.0007938926261462,164.429869890213
pretrain-LSBM,10,0.6927248815010334,0.48,0.515,0.00075,182.49261093139648
pretrain-LSBM,11,0.692301352818807,0.47,0.515,0.0007033683215379,200.496687412262
pretrain-LSBM,12,0.6844861363542492,0.4549999999999999,0.5425,0.0006545084971874,218.5157425403595
pretrain-LSBM,13,0.6367431776276951,0.34,0.645,0.0006039558454088,236.51578068733212
pretrain-LSBM,14,0.5930376994883877,0.335,0.6325,0.0005522642316338,254.5375864505768
pretrain-LSBM,15,0.5195149662850918,0.31,0.6825,0.0005,272.5953800678253
pretrain-LSBM,16,0.4629662793943251,0.3225,0.6675,0.0004477357683661,290.59259843826294
pretrain-LSBM,17,0.4587771539715515,0.3025,0.6475,0.0003960441545911,308.58789253234863
pretrain-LSBM,18,0.4216001890171533,0.2825,0.6175,0.0003454915028125,326.6033515930176
pretrain-LSBM,19,0.3948624613641322,0.1999999999999999,0.7925,0.0002966316784621,344.6104257106781
pretrain-LSBM,20,0.3768453604873569,0.225,0.775,0.00025,362.618763923645
pretrain-LSBM,21,0.3646910334455556,0.3225,0.655,0.0002061073738537,380.6917433738709
pretrain-LSBM,22,0.34364704650709,0.1575,0.815,0.0001654346968205,398.69439697265625
pretrain-LSBM,23,0.3248978837810714,0.145,0.82,0.0001284275872613,416.69963002204895
pretrain-LSBM,24,0.2957930314814907,0.1425,0.84,9.549150281252635e-05,434.69409942626953
pretrain-LSBM,25,0.2836470603942871,0.1574999999999999,0.835,6.698729810778068e-05,452.7284889221192
pretrain-LSBM,26,0.258206549989081,0.1275,0.855,4.322727117869953e-05,470.7945759296417
pretrain-LSBM,27,0.2445493673627403,0.11,0.8825,2.447174185242324e-05,488.7997064590454
pretrain-LSBM,28,0.2284568797411589,0.1024999999999999,0.8925,1.092619963309716e-05,506.8305413722992
pretrain-LSBM,29,0.2269279353063682,0.0999999999999999,0.8975,2.7390523158633003e-06,524.8943891525269
pretrain-LSBM,30,0.2346732504237657,0.0975,0.8925,0.0,542.8959231376648
AMDT,1,0.7098347476159019,0.36,0.5625,0.0004996573836886,17.996537446975708
AMDT,2,0.5079937823887529,0.285,0.7025,0.000498630473842,35.99586272239685
AMDT,3,0.4265309209111093,0.2249999999999999,0.7625,0.0004969220851487,53.9952712059021
AMDT,4,0.3914621417549835,0.215,0.77,0.0004945369001834,71.99610733985901
AMDT,5,0.3692756435651889,0.1924999999999999,0.7975,0.0004914814565722,89.99578976631165
AMDT,6,0.3470200452653841,0.1949999999999999,0.7825,0.0004877641290737,107.99406504631042
AMDT,7,0.3471256712044792,0.2375,0.7425,0.0004833951066243,125.99235081672668
AMDT,8,0.322392181932241,0.1599999999999999,0.83,0.0004783863644106,143.9506800174713
AMDT,9,0.3440057880234444,0.1674999999999999,0.82,0.000472751631047,161.93993377685547
AMDT,10,0.3235744385198615,0.1425,0.8025,0.0004665063509461,179.99544644355774
AMDT,11,0.3040910241590149,0.1825,0.7925,0.0004596676419863,197.9927599430084
AMDT,12,0.3077181846588507,0.1775,0.8,0.0004522542485937,215.99283146858212
AMDT,13,0.2912550420425404,0.1399999999999999,0.855,0.0004442864903642,233.99526190757751
AMDT,14,0.2827819542980742,0.2199999999999999,0.7525,0.0004357862063693,251.9930384159088
AMDT,15,0.2758870695171685,0.1725,0.805,0.0004267766952966,269.99462962150574
AMDT,16,0.289154894906899,0.1474999999999999,0.85,0.0004172826515897,287.9934332370758
AMDT,17,0.2655950405303089,0.1375,0.8425,0.0004073300977624,305.99531507492065
AMDT,18,0.2787966271755339,0.1824999999999999,0.785,0.0003969463130731,323.99290680885315
AMDT,19,0.279701539411627,0.1399999999999999,0.84,0.0003861597587537,341.9538450241089
AMDT,20,0.2484471285822747,0.2175,0.735,0.000375,359.99231600761414
AMDT,21,0.2477385382028832,0.13,0.8325,0.0003634976249348,377.9955503940582
AMDT,22,0.2350816824312867,0.1175,0.8675,0.0003516841607689,395.99627232551575
AMDT,23,0.2329741933051197,0.1175,0.875,0.0003395919873863,413.9954524040222
AMDT,24,0.2290220212662357,0.1175,0.8775,0.0003272542485937,431.9942586421967
AMDT,25,0.2415181144900705,0.1149999999999999,0.855,0.0003147047612756,449.9951565265656
AMDT,26,0.2229378760374825,0.1375,0.8425,0.0003019779227044,467.9930593967438
AMDT,27,0.2218240030409618,0.1124999999999999,0.8775,0.00028910861626,485.99615693092346
AMDT,28,0.2249090891202975,0.12,0.875,0.0002761321158169,503.99345874786377
AMDT,29,0.2238598291216225,0.1124999999999999,0.8775,0.0002630839890607,521.9926407337189
AMDT,30,0.2148242002759856,0.1199999999999999,0.8675,0.00025,539.9656453132629
AMDT,31,0.2106000335737206,0.1074999999999999,0.87,0.0002369160109392,557.9958724975586
AMDT,32,0.2094123583586736,0.1099999999999999,0.87,0.000223867884183,575.9924659729004
AMDT,33,0.1842030604509101,0.09,0.885,0.0002108913837399,593.9976377487183
AMDT,34,0.1901965860662789,0.0974999999999999,0.8875,0.0001980220772955,611.992879152298
AMDT,35,0.1954884418211449,0.0875,0.85,0.0001852952387243,629.9970223903656
AMDT,36,0.1908224789404321,0.0925,0.905,0.0001727457514062,647.9943337440491
AMDT,37,0.1769389772637822,0.12,0.87,0.0001604080126136,665.9928288459778
AMDT,38,0.1956961039325286,0.0974999999999999,0.895,0.000148315839231,683.9922118186951
AMDT,39,0.1788971656826378,0.1324999999999999,0.8575,0.0001365023750651,701.9929866790771
AMDT,40,0.1836602273343623,0.1099999999999999,0.8425,0.000125,719.9924323558807
AMDT,41,0.1717894635666375,0.095,0.88,0.0001138402412462,737.9402554035187
AMDT,42,0.1702757175883342,0.0899999999999999,0.9,0.0001030536869268,755.8937020301819
AMDT,43,0.1688382030389774,0.0899999999999999,0.905,9.26699022375407e-05,773.8928971290588
AMDT,44,0.1672936248882063,0.0849999999999999,0.9025,8.271734841028555e-05,791.8963136672974
AMDT,45,0.1656185278947326,0.0849999999999999,0.9125,7.322330470336315e-05,809.8929858207703
AMDT,46,0.1638886277060741,0.0874999999999999,0.895,6.421379363065152e-05,827.8939652442932
AMDT,47,0.1586328587526905,0.0849999999999999,0.9125,5.5713509635757295e-05,845.89364361763
AMDT,48,0.1609231816369226,0.0874999999999999,0.9,4.774575140626318e-05,863.8927576541901
AMDT,49,0.1501747079236411,0.105,0.885,4.0332358013644026e-05,881.8940284252167
AMDT,50,0.1509530468490617,0.085,0.915,3.349364905389033e-05,899.8924534320831
AMDT,51,0.1564155823882969,0.0825,0.9,2.724836895290806e-05,917.8968489170074
AMDT,52,0.1512188289271689,0.0825,0.9075,2.161363558934976e-05,935.8524348735808
AMDT,53,0.1512154640480019,0.0874999999999999,0.9025,1.6604893375699568e-05,953.8933975696564
AMDT,54,0.1451663074522525,0.0875,0.905,1.223587092621162e-05,971.8924877643584
AMDT,55,0.1428498210406851,0.0874999999999999,0.905,8.518543427732923e-06,989.8927044868468
AMDT,56,0.1413659817785367,0.0799999999999999,0.91,5.463099816548579e-06,1007.8956210613252
AMDT,57,0.145501991926596,0.0875,0.9025,3.077914851215586e-06,1025.892646074295
AMDT,58,0.1409362812216083,0.0824999999999999,0.8975,1.3695261579316502e-06,1043.892601728439
AMDT,59,0.1376956331747016,0.0824999999999999,0.9,3.426163113565419e-07,1061.8933556079865
AMDT,60,0.1417873979214279,0.0824999999999999,0.9075,0.0,1079.8926746845243
AMDT-D,1,0.8319237896765785,0.42,0.5275,0.0004996573836886,18.07609295845032
AMDT-D,2,0.6610244841411196,0.3975,0.555,0.000498630473842,36.06148910522461
AMDT-D,3,0.6202923909000967,0.375,0.5825,0.0004969220851487,54.0734179019928
AMDT-D,4,0.5687147961265739,0.3299999999999999,0.635,0.0004945369001834,72.07388520240784
AMDT-D,5,0.5395192798526808,0.2825,0.7075,0.0004914814565722,90.0758934020996
AMDT-D,6,0.5168748569899592,0.2825,0.7,0.0004877641290737,108.07101488113403
AMDT-D,7,0.5015943783453141,0.285,0.7075,0.0004833951066243,126.07171750068665
AMDT-D,8,0.4963323217013786,0.325,0.665,0.0004783863644106,144.0706205368042
AMDT-D,9,0.4816829092886256,0.27,0.665,0.000472751631047,162.07417726516724
AMDT-D,10,0.4739926834216063,0.25,0.7425,0.0004665063509461,180.07651352882385
AMDT-D,11,0.4561837065493923,0.2825,0.6475,0.0004596676419863,198.07079792022705
AMDT-D,12,0.4392077929672153,0.2175,0.7675,0.0004522542485937,216.0740916728973
AMDT-D,13,0.4420282429662244,0.205,0.78,0.0004442864903642,234.0514030456543
AMDT-D,14,0.4222831979565237,0.245,0.7475,0.0004357862063693,252.0712447166443
AMDT-D,15,0.4125179463419421,0.255,0.7275,0.0004267766952966,270.0779802799225
AMDT-D,16,0.4135958367380603,0.245,0.69,0.0004172826515897,288.09109711647034
AMDT-D,17,0.4094376820942451,0.2825,0.6925,0.0004073300977624,306.1111869812012
AMDT-D,18,0.407314634699931,0.245,0.735,0.0003969463130731,324.171240568161
AMDT-D,19,0.3892242812562262,0.19,0.795,0.0003861597587537,342.19361448287964
AMDT-D,20,0.3718325468315475,0.2299999999999999,0.755,0.000375,360.17174243927
AMDT-D,21,0.3624183643480827,0.21,0.785,0.0003634976249348,378.17083048820496
AMDT-D,22,0.3533328728771758,0.1875,0.7575,0.0003516841607689,396.1739273071289
AMDT-D,23,0.3496168310614838,0.26,0.6625,0.0003395919873863,414.1913907527924
AMDT-D,24,0.3619550077737062,0.1775,0.8075,0.0003272542485937,432.1975259780884
AMDT-D,25,0.3394104435868647,0.2274999999999999,0.6975,0.0003147047612756,450.170871257782
AMDT-D,26,0.3303139747559339,0.1875,0.7825,0.0003019779227044,468.1710815429688
AMDT-D,27,0.345649734995831,0.185,0.8025,0.00028910861626,486.1712365150452
AMDT-D,28,0.3227398388687221,0.1725,0.8125,0.0002761321158169,504.173700094223
AMDT-D,29,0.3013440276356949,0.1625,0.825,0.0002630839890607,522.1804563999176
AMDT-D,30,0.3050304259034408,0.1425,0.8375,0.00025,540.1737349033356
AMDT-D,31,0.2892127996203543,0.1599999999999999,0.7875,0.0002369160109392,558.1707520484924
AMDT-D,32,0.2927554121305202,0.17,0.8175,0.000223867884183,576.1711452007294
AMDT-D,33,0.2860075643007783,0.15,0.84,0.0002108913837399,594.1712276935577
AMDT-D,34,0.2861933319390505,0.185,0.7825,0.0001980220772955,612.166392326355
AMDT-D,35,0.2653882548898116,0.1274999999999999,0.8625,0.0001852952387243,630.1490094661713
AMDT-D,36,0.2699272767908272,0.1399999999999999,0.845,0.0001727457514062,648.1705515384674
AMDT-D,37,0.2626446081304002,0.1324999999999999,0.8625,0.0001604080126136,666.1714301109314
AMDT-D,38,0.2590602554123977,0.13,0.84,0.000148315839231,684.1708862781525
AMDT-D,39,0.2551436667469726,0.1324999999999999,0.85,0.0001365023750651,702.1717095375061
AMDT-D,40,0.2510625161658758,0.0925,0.8925,0.000125,720.1741449832916
AMDT-D,41,0.2424730116437221,0.1149999999999999,0.8775,0.0001138402412462,738.1707196235657
AMDT-D,42,0.2438525924908703,0.0999999999999999,0.8825,0.0001030536869268,756.1709146499634
AMDT-D,43,0.2356231969663466,0.1074999999999999,0.8875,9.26699022375407e-05,774.1711559295654
AMDT-D,44,0.2408926187232993,0.115,0.8725,8.271734841028555e-05,792.1705236434937
AMDT-D,45,0.2351157924738423,0.115,0.86,7.322330470336315e-05,810.1690435409546
AMDT-D,46,0.2302371728523024,0.1025,0.89,6.421379363065152e-05,828.1594681739807
AMDT-D,47,0.2235142527811828,0.0975,0.8925,5.5713509635757295e-05,846.1708903312683
AMDT-D,48,0.2097145192239476,0.0975,0.8875,4.774575140626318e-05,864.1709806919098
AMDT-D,49,0.223107210092846,0.1024999999999999,0.89,4.0332358013644026e-05,882.1707830429077
AMDT-D,50,0.2137384669876646,0.1,0.8925,3.349364905389033e-05,900.170923948288
AMDT-D,51,0.2128780984330451,0.095,0.8975,2.724836895290806e-05,918.170690059662
AMDT-D,52,0.2115114142839936,0.0949999999999999,0.8975,2.161363558934976e-05,936.1706807613372
AMDT-D,53,0.2081334307447247,0.0949999999999999,0.895,1.6604893375699568e-05,954.1702542304992
AMDT-D,54,0.2114947509320303,0.0974999999999999,0.8925,1.223587092621162e-05,972.1708703041076
AMDT-D,55,0.206472608207286,0.0925,0.89,8.518543427732923e-06,990.171317577362
AMDT-D,56,0.1952712717412532,0.1,0.8875,5.463099816548579e-06,1008.1726739406586
AMDT-D,57,0.2051617636334622,0.1,0.8975,3.077914851215586e-06,1026.144413948059
AMDT-D,58,0.1974461258485399,0.0974999999999999,0.8875,1.3695261579316502e-06,1044.1452405452728
AMDT-D,59,0.2130045040414251,0.0899999999999999,0.8875,3.426163113565419e-07,1062.117868185043
AMDT-D,60,0.2084723084993746,0.0949999999999999,0.9,0.0,1080.0599987506866
LSB-M,1,0.5133573563619592,0.2025,0.7625,0.0004996573836886,18.00465703010559
LSB-M,2,0.3486521689371131,0.1574999999999999,0.8375,0.000498630473842,35.98530578613281
LSB-M,3,0.3078349093938696,0.2075,0.7775,0.0004969220851487,53.9502489566803
LSB-M,4,0.2983159698631571,0.1425,0.8525,0.0004945369001834,71.92680954933167
LSB-M,5,0.2993969660380791,0.1275,0.85,0.0004914814565722,89.8720030784607
LSB-M,6,0.261738246456645,0.1499999999999999,0.8375,0.0004877641290737,107.85947132110596
LSB-M,7,0.2672466621145434,0.1399999999999999,0.845,0.0004833951066243,125.83232688903809
LSB-M,8,0.2598020074268182,0.1249999999999999,0.8325,0.0004783863644106,143.81214022636414
LSB-M,9,0.23931419155721,0.095,0.875,0.000472751631047,161.81430840492249
LSB-M,10,0.2334226804046795,0.1325,0.8575,0.0004665063509461,179.81445741653442
LSB-M,11,0.2497683818312897,0.1199999999999999,0.8625,0.0004596676419863,197.80590677261355
LSB-M,12,0.2438083421224835,0.1149999999999999,0.87,0.0004522542485937,215.82597017288208
LSB-M,13,0.2453380927614782,0.0925,0.88,0.0004442864903642,233.88171529769895
LSB-M,14,0.2533845261766992,0.11,0.8425,0.0004357862063693,251.8423602581024
LSB-M,15,0.2155109094991081,0.1224999999999999,0.8775,0.0004267766952966,269.8091735839844
LSB-M,16,0.1994470984771333,0.1499999999999999,0.8125,0.0004172826515897,287.779842376709
LSB-M,17,0.2126201589045853,0.1624999999999999,0.81,0.0004073300977624,305.741904258728
LSB-M,18,0.2011651584728696,0.1649999999999999,0.82,0.0003969463130731,323.70884251594543
LSB-M,19,0.1990438139644162,0.13,0.85,0.0003861597587537,341.6621398925781
LSB-M,20,0.2008656174715223,0.1099999999999999,0.8675,0.000375,359.6050224304199
LSB-M,21,0.1891841074858588,0.095,0.9,0.0003634976249348,377.563197851181
LSB-M,22,0.1858675409665053,0.14,0.8425,0.0003516841607689,395.5330066680908
LSB-M,23,0.1795477663305984,0.0999999999999999,0.875,0.0003395919873863,413.5094037055969
LSB-M,24,0.2070316015475097,0.1175,0.8775,0.0003272542485937,431.4707744121552
LSB-M,25,0.1808727999571068,0.2425,0.655,0.0003147047612756,449.42642426490784
LSB-M,26,0.2042941736250088,0.1124999999999999,0.855,0.0003019779227044,467.3967835903168
LSB-M,27,0.168555025610773,0.225,0.745,0.00028910861626,485.3430552482605
LSB-M,28,0.1953122044174835,0.1725,0.8225,0.0002761321158169,503.2784457206726
LSB-M,29,0.1726608568074545,0.0699999999999999,0.92,0.0002630839890607,521.2455685138702
LSB-M,30,0.1698632816859017,0.0825,0.91,0.00025,539.238936662674
LSB-M,31,0.1610420665693009,0.0674999999999999,0.92,0.0002369160109392,557.239360332489
LSB-M,32,0.1634677733112683,0.0775,0.9075,0.000223867884183,575.1872992515564
LSB-M,33,0.1638135753743264,0.0749999999999999,0.91,0.0002108913837399,593.1556529998779
LSB-M,34,0.1560804512266112,0.07,0.93,0.0001980220772955,611.0952997207642
LSB-M,35,0.1594460495672691,0.1225,0.8075,0.0001852952387243,629.0205550193787
LSB-M,36,0.1575652006799462,0.0774999999999999,0.915,0.0001727457514062,646.9737830162048
LSB-M,37,0.1433878935787869,0.0699999999999999,0.9175,0.0001604080126136,664.952817440033
LSB-M,38,0.1427810228183523,0.0675,0.9125,0.000148315839231,682.897828578949
LSB-M,39,0.1468452287987731,0.0699999999999999,0.9175,0.0001365023750651,700.8609776496887
LSB-M,40,0.1434211515575305,0.0974999999999999,0.875,0.000125,718.8060834407806
LSB-M,41,0.1477060634963985,0.0674999999999999,0.93,0.0001138402412462,736.7701196670532
LSB-M,42,0.1339765208634152,0.055,0.9225,0.0001030536869268,754.7096447944641
LSB-M,43,0.1404575364899704,0.06,0.9275,9.26699022375407e-05,772.7158739566803
LSB-M,44,0.1295064964342391,0.05,0.915,8.271734841028555e-05,790.7691617012024
LSB-M,45,0.1298456029088675,0.0474999999999999,0.945,7.322330470336315e-05,808.742030620575
LSB-M,46,0.1344413733559435,0.05,0.9375,6.421379363065152e-05,826.7740247249603
LSB-M,47,0.1340045111826567,0.055,0.9225,5.5713509635757295e-05,844.7994756698608
LSB-M,48,0.1232623612700865,0.0499999999999999,0.945,4.774575140626318e-05,862.8128101825714
LSB-M,49,0.127334210850384,0.0675,0.925,4.0332358013644026e-05,880.8348951339722
LSB-M,50,0.1251904866711675,0.0499999999999999,0.945,3.349364905389033e-05,898.8484840393066
LSB-M,51,0.1258680610221693,0.0524999999999999,0.935,2.724836895290806e-05,916.8576261997224
LSB-M,52,0.1237595389629232,0.0474999999999999,0.9475,2.161363558934976e-05,934.8753609657288
LSB-M,53,0.1193257085978984,0.0524999999999999,0.945,1.6604893375699568e-05,952.8919241428376
LSB-M,54,0.115057302810166,0.0425,0.955,1.223587092621162e-05,970.9086556434632
LSB-M,55,0.119006878771316,0.04,0.9475,8.518543427732923e-06,988.8758647441864
LSB-M,56,0.116957948489607,0.0449999999999999,0.95,5.463099816548579e-06,1006.9101288318634
LSB-M,57,0.1124224098420691,0.0449999999999999,0.95,3.077914851215586e-06,1024.9122734069824
LSB-M,58,0.1112476082775613,0.0475,0.95,1.3695261579316502e-06,1050.0221872329712
LSB-M,59,0.1182513685907697,0.0424999999999999,0.9525,3.426163113565419e-07,1076.2219743728638
LSB-M,60,0.1222588363820793,0.0449999999999999,0.945,0.0,1102.7223303318024
HILL-STC,1,0.8880460289703018,0.49,0.5,0.0004996573836886,26.097169876098636
HILL-STC,2,0.6970242659250895,0.4924999999999999,0.5,0.000498630473842,51.3958113193512
HILL-STC,3,0.6936165005311199,0.4875,0.4975,0.0004969220851487,77.69843220710754
HILL-STC,4,0.6930545876766073,0.485,0.4975,0.0004945369001834,103.99919891357422
HILL-STC,5,0.6927508156875084,0.48,0.505,0.0004914814565722,130.39942622184753
HILL-STC,6,0.6911565339428255,0.4574999999999999,0.525,0.0004877641290737,156.69915318489075
HILL-STC,7,0.6801376404433415,0.4075,0.57,0.0004833951066243,182.6984860897064
HILL-STC,8,0.6551933309127544,0.4424999999999999,0.515,0.0004783863644106,209.4573924541473
HILL-STC,9,0.6327827483758159,0.435,0.535,0.000472751631047,235.89622688293457
HILL-STC,10,0.6238225671066635,0.395,0.5675,0.0004665063509461,261.83291268348694
HILL-STC,11,0.6109942471844027,0.3625,0.6125,0.0004596676419863,288.2990508079529
HILL-STC,12,0.6052024484365836,0.3525,0.6375,0.0004522542485937,314.5986633300781
HILL-STC,13,0.5847745989931041,0.3475,0.625,0.0004442864903642,340.79837346076965
HILL-STC,14,0.5689266515874315,0.355,0.63,0.0004357862063693,366.3961806297302
HILL-STC,15,0.5884471391809398,0.3249999999999999,0.6625,0.0004267766952966,392.5992362499237
HILL-STC,16,0.5651691768361234,0.36,0.6125,0.0004172826515897,418.095639705658
HILL-STC,17,0.5586841257139185,0.31,0.6775,0.0004073300977624,444.2985966205597
HILL-STC,18,0.5621604676219238,0.3225,0.6675,0.0003969463130731,470.8579254150391
HILL-STC,19,0.5534967718453243,0.415,0.54,0.0003861597587537,496.9955496788025
HILL-STC,20,0.5447195172309875,0.3275,0.62,0.000375,522.9955313205719
HILL-STC,21,0.5522970392786223,0.3,0.6775,0.0003634976249348,549.1984593868256
HILL-STC,22,0.526232730040605,0.35,0.615,0.0003516841607689,575.1956470012665
HILL-STC,23,0.5352194490788997,0.35,0.5875,0.0003395919873863,601.195708990097
HILL-STC,24,0.5338092535391621,0.3025,0.6925,0.0003272542485937,627.4962255954742
HILL-STC,25,0.5250088524544376,0.3175,0.6625,0.0003147047612756,653.7963020801544
HILL-STC,26,0.5252056817213694,0.335,0.625,0.0003019779227044,679.8963544368744
HILL-STC,27,0.5178114028497675,0.3249999999999999,0.65,0.00028910861626,705.4960412979126
HILL-STC,28,0.5286427568430188,0.3075,0.6725,0.0002761321158169,732.0959794521332
HILL-STC,29,0.5101668057085453,0.2699999999999999,0.7,0.0002630839890607,758.5990858078003
HILL-STC,30,0.5137453319012434,0.31,0.6725,0.00025,784.6958842277527
HILL-STC,31,0.5013551085159696,0.27,0.7175,0.0002369160109392,810.695728302002
HILL-STC,32,0.5012963338830005,0.27,0.705,0.000223867884183,837.3396654129028
HILL-STC,33,0.5044065203474856,0.35,0.56,0.0002108913837399,864.0958096981049
HILL-STC,34,0.5060068848489345,0.3275,0.6325,0.0001980220772955,889.9958508014679
HILL-STC,35,0.4972273817007569,0.2575,0.7225,0.0001852952387243,916.2990398406982
HILL-STC,36,0.4948013877046519,0.345,0.535,0.0001727457514062,942.2956590652466
HILL-STC,37,0.4989709672571599,0.305,0.685,0.0001604080126136,968.7956309318542
HILL-STC,38,0.4852780422260021,0.2499999999999999,0.7,0.000148315839231,994.4985237121582
HILL-STC,39,0.4867757839718084,0.25,0.695,0.0001365023750651,1021.0962347984314
HILL-STC,40,0.4739628437606767,0.2525,0.73,0.000125,1046.9957451820374
HILL-STC,41,0.4786111222601485,0.255,0.7125,0.0001138402412462,1073.495623588562
HILL-STC,42,0.479485427168594,0.295,0.695,0.0001030536869268,1099.796107530594
HILL-STC,43,0.4817298640464914,0.255,0.7375,9.26699022375407e-05,1125.441789150238
HILL-STC,44,0.4796037906887888,0.2624999999999999,0.73,8.271734841028555e-05,1151.7957525253296
HILL-STC,45,0.46268799421431,0.2274999999999999,0.7475,7.322330470336315e-05,1177.599641084671
HILL-STC,46,0.4706693120386409,0.2425,0.745,6.421379363065152e-05,1203.7957983016968
HILL-STC,47,0.4695771990836351,0.2475,0.725,5.5713509635757295e-05,1230.1962592601776
HILL-STC,48,0.4645514210750316,0.2475,0.725,4.774575140626318e-05,1256.5957367420197
HILL-STC,49,0.463124467723671,0.2375,0.7375,4.0332358013644026e-05,1282.8962516784668
HILL-STC,50,0.4630038765655166,0.235,0.755,3.349364905389033e-05,1309.095852613449
HILL-STC,51,0.4612928992030264,0.2324999999999999,0.755,2.724836895290806e-05,1335.7959218025208
HILL-STC,52,0.4615619747803129,0.2375,0.7475,2.161363558934976e-05,1362.2960143089294
HILL-STC,53,0.459937452927403,0.245,0.7325,1.6604893375699568e-05,1387.8960239887238
HILL-STC,54,0.45681690553139,0.2324999999999999,0.7475,1.223587092621162e-05,1414.0957736968994
HILL-STC,55,0.452735156163402,0.2375,0.755,8.518543427732923e-06,1440.2960987091064
HILL-STC,56,0.4609970806658953,0.2325,0.7625,5.463099816548579e-06,1466.7385313510897
HILL-STC,57,0.4554698635106799,0.22,0.77,3.077914851215586e-06,1492.3998494148254
HILL-STC,58,0.4549914995829264,0.235,0.7625,1.3695261579316502e-06,1518.395976781845
HILL-STC,59,0.4494170402658397,0.235,0.76,3.426163113565419e-07,1544.5959167480469
HILL-STC,60,0.4552776214035078,0.2324999999999999,0.7525,0.0,1571.1961197853088
FM-PSO-LSB,1,0.7636963923772176,0.44,0.51,0.0004996573836886,20.19851803779602
FM-PSO-LSB,2,0.6401791168355394,0.365,0.6075,0.000498630473842,38.38662385940552
FM-PSO-LSB,3,0.6156157556621508,0.3375,0.645,0.0004969220851487,56.55872750282288
FM-PSO-LSB,4,0.5864928433264809,0.4425,0.52,0.0004945369001834,74.6733570098877
FM-PSO-LSB,5,0.5631546874841055,0.3225,0.6575,0.0004914814565722,92.78626251220705
FM-PSO-LSB,6,0.5342770259955834,0.3374999999999999,0.6425,0.0004877641290737,110.8580515384674
FM-PSO-LSB,7,0.5267898645894281,0.2799999999999999,0.71,0.0004833951066243,128.94386792182922
FM-PSO-LSB,8,0.5116892306283972,0.2825,0.6,0.0004783863644106,146.98828053474426
FM-PSO-LSB,9,0.4800287820827001,0.2825,0.6775,0.000472751631047,165.10931253433228
FM-PSO-LSB,10,0.4808428821892574,0.2574999999999999,0.72,0.0004665063509461,183.2323830127716
FM-PSO-LSB,11,0.459783392733541,0.3025,0.6875,0.0004596676419863,201.36377263069156
FM-PSO-LSB,12,0.451953737215064,0.3824999999999999,0.525,0.0004522542485937,219.5000560283661
FM-PSO-LSB,13,0.4376322746961966,0.2524999999999999,0.73,0.0004442864903642,237.63062620162964
FM-PSO-LSB,14,0.4425164885904597,0.3025,0.5825,0.0004357862063693,255.79076099395752
FM-PSO-LSB,15,0.4380109534523953,0.3225,0.5225,0.0004267766952966,273.87011671066284
FM-PSO-LSB,16,0.4278303912316246,0.25,0.6525,0.0004172826515897,291.94063234329224
FM-PSO-LSB,17,0.4008231365132605,0.295,0.535,0.0004073300977624,310.0806794166565
FM-PSO-LSB,18,0.4110783818124354,0.2375,0.645,0.0003969463130731,328.2038764953613
FM-PSO-LSB,19,0.3839783170099916,0.2225,0.76,0.0003861597587537,346.24870228767395
FM-PSO-LSB,20,0.3783818358319929,0.1825,0.805,0.000375,364.3570156097412
FM-PSO-LSB,21,0.3651668261522534,0.215,0.7325,0.0003634976249348,382.4205665588379
FM-PSO-LSB,22,0.3733790384969492,0.19,0.7775,0.0003516841607689,400.4984867572784
FM-PSO-LSB,23,0.3529324171871975,0.3,0.51,0.0003395919873863,418.5715999603272
FM-PSO-LSB,24,0.3440145072580754,0.1725,0.8175,0.0003272542485937,436.6264317035675
FM-PSO-LSB,25,0.3427733782379106,0.1475,0.83,0.0003147047612756,454.6909263134002
FM-PSO-LSB,26,0.3353888897717684,0.1925,0.7475,0.0003019779227044,472.7339572906494
FM-PSO-LSB,27,0.3325515584699038,0.1825,0.7725,0.00028910861626,490.7787840366364
FM-PSO-LSB,28,0.3254938459601895,0.1575,0.8375,0.0002761321158169,508.8306677341461
FM-PSO-LSB,29,0.3145882237231594,0.1699999999999999,0.775,0.0002630839890607,526.8789737224579
FM-PSO-LSB,30,0.3189062791309137,0.1699999999999999,0.8225,0.00025,544.9255812168121
FM-PSO-LSB,31,0.2961633481170939,0.2025,0.75,0.0002369160109392,562.9760570526123
FM-PSO-LSB,32,0.3115340853217004,0.2375,0.62,0.000223867884183,581.0395328998566
FM-PSO-LSB,33,0.3045792600204204,0.1275,0.8625,0.0002108913837399,599.0992496013641
FM-PSO-LSB,34,0.2918407915309928,0.2224999999999999,0.6425,0.0001980220772955,617.2053427696228
FM-PSO-LSB,35,0.2913617366689375,0.1574999999999999,0.835,0.0001852952387243,635.2875332832336
FM-PSO-LSB,36,0.2853950293756079,0.1474999999999999,0.8175,0.0001727457514062,653.3696217536926
FM-PSO-LSB,37,0.2904361806724263,0.1425,0.8375,0.0001604080126136,671.4276642799377
FM-PSO-LSB,38,0.2799667696329369,0.14,0.8375,0.000148315839231,689.5090925693512
FM-PSO-LSB,39,0.2777251417952022,0.1399999999999999,0.835,0.0001365023750651,707.5869407653809
FM-PSO-LSB,40,0.2697047459325571,0.1299999999999999,0.8525,0.000125,725.6721045970917
FM-PSO-LSB,41,0.2666302110100614,0.1275,0.8625,0.0001138402412462,743.7588300704956
FM-PSO-LSB,42,0.2686550290077582,0.1325,0.845,0.0001030536869268,761.8557941913605
FM-PSO-LSB,43,0.263607376180161,0.1249999999999999,0.855,9.26699022375407e-05,779.943835735321
FM-PSO-LSB,44,0.2614973894823557,0.1325,0.85,8.271734841028555e-05,798.0496473312378
FM-PSO-LSB,45,0.2581492154591385,0.1225,0.865,7.322330470336315e-05,816.1666593551636
FM-PSO-LSB,46,0.2520075432699302,0.1225,0.8675,6.421379363065152e-05,834.2106657028198
FM-PSO-LSB,47,0.2465984279225612,0.1175,0.8675,5.5713509635757295e-05,852.2700679302216
FM-PSO-LSB,48,0.249492496765893,0.1124999999999999,0.8625,4.774575140626318e-05,870.2623112201691
FM-PSO-LSB,49,0.2489933435773027,0.1225,0.87,4.0332358013644026e-05,888.316835641861
FM-PSO-LSB,50,0.2460520288039898,0.12,0.8725,3.349364905389033e-05,906.3866379261016
FM-PSO-LSB,51,0.2415418893783942,0.1149999999999999,0.8825,2.724836895290806e-05,924.4621982574464
FM-PSO-LSB,52,0.2435953496345158,0.1124999999999999,0.865,2.161363558934976e-05,942.564930677414
FM-PSO-LSB,53,0.2370671096375619,0.1174999999999999,0.86,1.6604893375699568e-05,960.6392271518708
FM-PSO-LSB,54,0.2352103397421453,0.1074999999999999,0.885,1.223587092621162e-05,978.692833185196
FM-PSO-LSB,55,0.235184212268769,0.115,0.87,8.518543427732923e-06,996.7285680770874
FM-PSO-LSB,56,0.2360536204329852,0.1149999999999999,0.8775,5.463099816548579e-06,1014.772839307785
FM-PSO-LSB,57,0.2365798294201664,0.11,0.87,3.077914851215586e-06,1032.8236298561096
FM-PSO-LSB,58,0.2385962268059281,0.105,0.865,1.3695261579316502e-06,1050.8866474628448
FM-PSO-LSB,59,0.2302242624519885,0.1149999999999999,0.86,3.426163113565419e-07,1068.9393844604492
FM-PSO-LSB,60,0.2353077623350866,0.1099999999999999,0.8675,0.0,1086.9981060028076
EvoHILL-STC,1,0.8273235785550085,0.47,0.51,0.0004996573836886,18.098233938217163
EvoHILL-STC,2,0.6872743642193148,0.4674999999999999,0.52,0.000498630473842,36.17629957199097
EvoHILL-STC,3,0.6767555071019579,0.4125,0.5725,0.0004969220851487,54.24804377555847
EvoHILL-STC,4,0.653040631749164,0.4075,0.575,0.0004945369001834,72.29293918609619
EvoHILL-STC,5,0.6338284070464386,0.43,0.535,0.0004914814565722,90.3529863357544
EvoHILL-STC,6,0.6206112634176495,0.46,0.5325,0.0004877641290737,108.37002611160278
EvoHILL-STC,7,0.6144957583526085,0.3625,0.6175,0.0004833951066243,126.4298963546753
EvoHILL-STC,8,0.6053483383408909,0.3675,0.5975,0.0004783863644106,144.4750692844391
EvoHILL-STC,9,0.5884691291841967,0.3825,0.575,0.000472751631047,162.52944707870483
EvoHILL-STC,10,0.5866886603421179,0.415,0.5425,0.0004665063509461,180.5894858837128
EvoHILL-STC,11,0.581941030833913,0.39,0.545,0.0004596676419863,198.6554386615753
EvoHILL-STC,12,0.5743424231293558,0.37,0.615,0.0004522542485937,216.71452236175537
EvoHILL-STC,13,0.5740554548543075,0.3299999999999999,0.665,0.0004442864903642,234.78827619552607
EvoHILL-STC,14,0.5564723806134586,0.3225,0.6475,0.0004357862063693,252.7993099689484
EvoHILL-STC,15,0.5633079673366985,0.3299999999999999,0.655,0.0004267766952966,270.8563904762268
EvoHILL-STC,16,0.5630396669623495,0.3825,0.5775,0.0004172826515897,288.91609168052673
EvoHILL-STC,17,0.5537718510490724,0.3349999999999999,0.64,0.0004073300977624,306.9731605052948
EvoHILL-STC,18,0.5547536467683727,0.3725,0.5875,0.0003969463130731,325.023499250412
EvoHILL-STC,19,0.5422415394207527,0.32,0.5925,0.0003861597587537,343.0910565853119
EvoHILL-STC,20,0.5420556554849121,0.3225,0.59,0.000375,361.18570947647095
EvoHILL-STC,21,0.5366647188690887,0.36,0.5325,0.0003634976249348,379.262631893158
EvoHILL-STC,22,0.5296554366747538,0.285,0.71,0.0003516841607689,397.3339600563049
EvoHILL-STC,23,0.5259783267974854,0.31,0.635,0.0003395919873863,415.42035150527954
EvoHILL-STC,24,0.5059432918312906,0.4499999999999999,0.51,0.0003272542485937,433.50475215911865
EvoHILL-STC,25,0.5121562450096525,0.3975,0.5075,0.0003147047612756,451.6058316230774
EvoHILL-STC,26,0.4987761453650464,0.275,0.72,0.0003019779227044,469.72878432273865
EvoHILL-STC,27,0.497854466410889,0.3675,0.52,0.00028910861626,487.8567123413086
EvoHILL-STC,28,0.5011337228205012,0.405,0.505,0.0002761321158169,505.9632594585418
EvoHILL-STC,29,0.4980154839055291,0.2574999999999999,0.7125,0.0002630839890607,524.0655884742737
EvoHILL-STC,30,0.4958093200606861,0.27,0.7175,0.00025,542.150440454483
EvoHILL-STC,31,0.4774350486267572,0.2975,0.61,0.0002369160109392,560.2249319553375
EvoHILL-STC,32,0.4801877839811917,0.3,0.5975,0.000223867884183,578.2826859951019
EvoHILL-STC,33,0.4720108995492431,0.3274999999999999,0.525,0.0002108913837399,596.3509588241577
EvoHILL-STC,34,0.4747321314510258,0.345,0.5275,0.0001980220772955,614.4461517333984
EvoHILL-STC,35,0.4770440037908225,0.215,0.7675,0.0001852952387243,632.5015368461609
EvoHILL-STC,36,0.4636851799214023,0.24,0.7525,0.0001727457514062,650.5504212379456
EvoHILL-STC,37,0.4569811070787495,0.3,0.5825,0.0001604080126136,668.6108210086823
EvoHILL-STC,38,0.4514548939534987,0.275,0.61,0.000148315839231,689.7881500720978
EvoHILL-STC,39,0.4565236445130973,0.2524999999999999,0.715,0.0001365023750651,715.0816206932068
EvoHILL-STC,40,0.4572477635295912,0.2324999999999999,0.71,0.000125,740.1429359912872
EvoHILL-STC,41,0.4447876242385513,0.22,0.77,0.0001138402412462,764.9827787876129
EvoHILL-STC,42,0.4518612109381577,0.2675,0.6775,0.0001030536869268,790.4909956455231
EvoHILL-STC,43,0.445272386759177,0.2575,0.6975,9.26699022375407e-05,815.9428987503052
EvoHILL-STC,44,0.4404064838228554,0.2474999999999999,0.7225,8.271734841028555e-05,840.9796717166901
EvoHILL-STC,45,0.4398146761559892,0.2375,0.755,7.322330470336315e-05,866.3825705051422
EvoHILL-STC,46,0.4434646710582163,0.2199999999999999,0.7775,6.421379363065152e-05,891.4429359436035
EvoHILL-STC,47,0.4418277990543979,0.2175,0.7625,5.5713509635757295e-05,915.9787814617156
EvoHILL-STC,48,0.439556952523089,0.2175,0.765,4.774575140626318e-05,940.8829307556152
EvoHILL-STC,49,0.4294713533472741,0.215,0.7625,4.0332358013644026e-05,965.8843879699708
EvoHILL-STC,50,0.4249778016545306,0.2575,0.69,3.349364905389033e-05,991.2801988124849
EvoHILL-STC,51,0.4263594513651968,0.2225,0.7675,2.724836895290806e-05,1016.6893808841704
EvoHILL-STC,52,0.4186324739250643,0.2199999999999999,0.77,2.161363558934976e-05,1041.8799798488617
EvoHILL-STC,53,0.4282098373119858,0.215,0.7675,1.6604893375699568e-05,1067.1844382286072
EvoHILL-STC,54,0.4239578469731341,0.2124999999999999,0.785,1.223587092621162e-05,1092.1457061767578
EvoHILL-STC,55,0.4224389318762154,0.21,0.7725,8.518543427732923e-06,1117.1904864311218
EvoHILL-STC,56,0.4215863083285847,0.2125,0.775,5.463099816548579e-06,1141.8431329727173
EvoHILL-STC,57,0.4246508777141571,0.21,0.7775,3.077914851215586e-06,1166.982717752457
EvoHILL-STC,58,0.42077538679386,0.2099999999999999,0.78,1.3695261579316502e-06,1191.8454294204712
EvoHILL-STC,59,0.4171368623601979,0.2075,0.79,3.426163113565419e-07,1217.8971285820007
EvoHILL-STC,60,0.4290237789866568,0.2075,0.7875,0.0,1243.1865134239197
S-UNIWARD-STC,1,0.8691090797555858,0.49,0.5,0.0004996573836886,24.8584508895874
S-UNIWARD-STC,2,0.7045113725223761,0.4875,0.5,0.000498630473842,49.91665983200073
S-UNIWARD-STC,3,0.6971340789192024,0.4875,0.5,0.0004969220851487,75.35327100753784
S-UNIWARD-STC,4,0.6944263207501379,0.4874999999999999,0.5,0.0004945369001834,100.61895155906676
S-UNIWARD-STC,5,0.6934942356471357,0.4875,0.5,0.0004914814565722,126.41528177261353
S-UNIWARD-STC,6,0.6931934548520494,0.4875,0.5025,0.0004877641290737,151.55398106575012
S-UNIWARD-STC,7,0.6930969693194861,0.485,0.5,0.0004833951066243,177.2161204814911
S-UNIWARD-STC,8,0.6930274627674585,0.485,0.4975,0.0004783863644106,202.2177493572235
S-UNIWARD-STC,9,0.692945844140546,0.4875,0.5075,0.000472751631047,227.3155512809753
S-UNIWARD-STC,10,0.692790579521793,0.4825,0.5,0.0004665063509461,252.61852073669436
S-UNIWARD-STC,11,0.6924104827573929,0.4775,0.5075,0.0004596676419863,278.0182580947876
S-UNIWARD-STC,12,0.6914633827647944,0.4725,0.505,0.0004522542485937,303.4156196117401
S-UNIWARD-STC,13,0.6892976048348964,0.47,0.51,0.0004442864903642,328.86047410964966
S-UNIWARD-STC,14,0.6825741248569269,0.4775,0.5125,0.0004357862063693,354.5152714252472
S-UNIWARD-STC,15,0.6750650179797205,0.44,0.5275,0.0004267766952966,380.0183250904083
S-UNIWARD-STC,16,0.6648476363598615,0.4075,0.575,0.0004172826515897,405.56125688552856
S-UNIWARD-STC,17,0.6503416210755535,0.4075,0.5775,0.0004073300977624,431.11837887763977
S-UNIWARD-STC,18,0.6354313143368425,0.365,0.6175,0.0003969463130731,456.71594285964966
S-UNIWARD-STC,19,0.618420874935457,0.36,0.6275,0.0003861597587537,482.2154805660248
S-UNIWARD-STC,20,0.5839646643605726,0.3424999999999999,0.6225,0.000375,507.7180256843567
S-UNIWARD-STC,21,0.5620456488653162,0.42,0.5625,0.0003634976249348,532.6668148040771
S-UNIWARD-STC,22,0.5413827817330416,0.395,0.5825,0.0003516841607689,557.3153395652771
S-UNIWARD-STC,23,0.5232154648194368,0.4049999999999999,0.515,0.0003395919873863,582.6607344150543
S-UNIWARD-STC,24,0.5249389502508887,0.3125,0.6725,0.0003272542485937,607.8183948993683
S-UNIWARD-STC,25,0.5065976782091732,0.3075,0.69,0.0003147047612756,633.7182154655457
S-UNIWARD-STC,26,0.515129539130748,0.31,0.6875,0.0003019779227044,658.8588984012604
S-UNIWARD-STC,27,0.5048375523638451,0.3075,0.69,0.00028910861626,679.2378854751587
S-UNIWARD-STC,28,0.4863463530595275,0.2975,0.675,0.0002761321158169,697.3819208145142
S-UNIWARD-STC,29,0.4762859282822445,0.275,0.715,0.0002630839890607,715.4593687057495
S-UNIWARD-STC,30,0.4784848840757348,0.3125,0.6425,0.00025,733.517008304596
S-UNIWARD-STC,31,0.4742702358755572,0.275,0.7,0.0002369160109392,751.5459973812103
S-UNIWARD-STC,32,0.4727573620861974,0.3125,0.655,0.000223867884183,769.5859398841858
S-UNIWARD-STC,33,0.4646157934062782,0.3225,0.63,0.0002108913837399,787.6437935829163
S-UNIWARD-STC,34,0.4651004935818157,0.29,0.685,0.0001980220772955,805.6757481098175
S-UNIWARD-STC,35,0.4711615713848465,0.2474999999999999,0.7375,0.0001852952387243,823.7401614189148
S-UNIWARD-STC,36,0.4606485349693517,0.255,0.6975,0.0001727457514062,841.8148634433746
S-UNIWARD-STC,37,0.4629225415745001,0.2724999999999999,0.7125,0.0001604080126136,859.905592918396
S-UNIWARD-STC,38,0.4433165771522741,0.3274999999999999,0.55,0.000148315839231,877.9934997558594
S-UNIWARD-STC,39,0.4537150236381881,0.275,0.6775,0.0001365023750651,896.1263511180878
S-UNIWARD-STC,40,0.4417230110058839,0.2525,0.7225,0.000125,914.2068002223969
S-UNIWARD-STC,41,0.441857375290202,0.245,0.73,0.0001138402412462,932.2945840358734
S-UNIWARD-STC,42,0.4421782664869023,0.2775,0.6675,0.0001030536869268,950.3680148124696
S-UNIWARD-STC,43,0.444190024644479,0.2325,0.7425,9.26699022375407e-05,968.4313502311708
S-UNIWARD-STC,44,0.4325280665666207,0.2675,0.7225,8.271734841028555e-05,986.48974275589
S-UNIWARD-STC,45,0.4315309740346053,0.2425,0.735,7.322330470336315e-05,1004.5478041172028
S-UNIWARD-STC,46,0.4296811945822047,0.2299999999999999,0.7675,6.421379363065152e-05,1022.606873512268
S-UNIWARD-STC,47,0.4270975569198871,0.2724999999999999,0.6825,5.5713509635757295e-05,1040.667737007141
S-UNIWARD-STC,48,0.4245073123909961,0.25,0.73,4.774575140626318e-05,1058.7198247909546
S-UNIWARD-STC,49,0.4235685957574296,0.2324999999999999,0.76,4.0332358013644026e-05,1076.7675437927246
S-UNIWARD-STC,50,0.425670528206332,0.245,0.73,3.349364905389033e-05,1094.834214925766
S-UNIWARD-STC,51,0.4207019254393961,0.2425,0.7525,2.724836895290806e-05,1112.906343460083
S-UNIWARD-STC,52,0.4142461720554308,0.22,0.7675,2.161363558934976e-05,1130.976307630539
S-UNIWARD-STC,53,0.4154097290559747,0.235,0.7525,1.6604893375699568e-05,1149.0966205596924
S-UNIWARD-STC,54,0.4168270870871927,0.2324999999999999,0.7575,1.223587092621162e-05,1167.237025499344
S-UNIWARD-STC,55,0.4148446112528615,0.24,0.7475,8.518543427732923e-06,1185.3791615962982
S-UNIWARD-STC,56,0.4095051336562496,0.23,0.7525,5.463099816548579e-06,1203.508338212967
S-UNIWARD-STC,57,0.4149361242508066,0.2249999999999999,0.77,3.077914851215586e-06,1221.6484405994415
S-UNIWARD-STC,58,0.4082518906771452,0.2199999999999999,0.775,1.3695261579316502e-06,1239.781096458435
S-UNIWARD-STC,59,0.4097502851623228,0.2299999999999999,0.7475,3.426163113565419e-07,1257.817046403885
S-UNIWARD-STC,60,0.4104332660121479,0.2299999999999999,0.7575,0.0,1275.8472363948822
