set,method,rate,accuracy,precision,recall,f1,auc,p_e,p_e_threshold,md_at_fa5,n_cover,n_stego,threshold,p_e_ci_low,p_e_ci_high,p_e_fold_mean,p_e_fold_sd,d_sub,n_learners,detector,n_covers,folds
AMDT-D@0.1,AMDT-D,0.1,0.786,0.7912423625254582,0.777,0.7840565085771948,0.8583345,0.211,0.4625000059604645,0.616,1000,1000,0.5,0.1925,0.222,0.2035,0.0132994360782703,"[500, 2000, 750, 2000, 1500]","[120, 80, 170, 50, 60]",SRM(34671)+FLD-ensemble,1000,5
AMDT-D@0.4,AMDT-D,0.4,0.9925,0.9900497512437813,0.995,0.9925187032418954,0.999794,0.007,0.5666667222976685,0.001,1000,1000,0.5,0.003,0.0095,0.006,0.0041833001326703,"[500, 500, 1500, 1000, 750]","[60, 60, 30, 60, 70]",SRM(34671)+FLD-ensemble,1000,5
AMDT-D_fixed_path@0.1,AMDT-D:fixed_path,0.1,0.8045,0.8142414860681114,0.789,0.8014220416455053,0.8830795,0.1909999999999999,0.5,0.546,1000,1000,0.5,0.1735,0.2024999999999999,0.1835,0.0155724115023974,"[2000, 1500, 1500, 2000, 2000]","[40, 60, 50, 120, 60]",SRM(34671)+FLD-ensemble,1000,5
AMDT-D_mse_fitness@0.1,AMDT-D:mse_fitness,0.1,0.815,0.8201219512195121,0.807,0.813508064516129,0.8961459999999999,0.18,0.4799999892711639,0.488,1000,1000,0.5,0.1625,0.191,0.1715,0.018758331482304,"[1000, 1500, 2000, 2000, 2000]","[110, 60, 50, 60, 50]",SRM(34671)+FLD-ensemble,1000,5
AMDT-D_no_gate@0.1,AMDT-D:no_gate,0.1,0.842,0.842,0.842,0.842,0.9145485,0.156,0.4888888895511627,0.4439999999999999,1000,1000,0.5,0.141,0.168,0.1535,0.012820881404958,"[2000, 1500, 2000, 1500, 1500]","[40, 70, 80, 90, 50]",SRM(34671)+FLD-ensemble,1000,5
AMDT-D_no_search@0.1,AMDT-D:no_search,0.1,0.839,0.8403614457831325,0.837,0.8386773547094188,0.911983,0.1575,0.4571428596973419,0.4609999999999999,1000,1000,0.5,0.1425,0.1704999999999999,0.153,0.010062305898749,"[1500, 2000, 1500, 2000, 2000]","[60, 60, 70, 60, 50]",SRM(34671)+FLD-ensemble,1000,5
AMDT-D_single_seg@0.1,AMDT-D:single_seg,0.1,0.7875,0.7991675338189386,0.768,0.7832738398776135,0.8568115000000001,0.2069999999999999,0.4749999940395355,0.63425,1000,1000,0.5,0.1899999999999999,0.2199999999999999,0.2039999999999999,0.0062749501990055,"[2000, 1500, 1500, 2000, 2000]","[80, 60, 80, 40, 40]",SRM(34671)+FLD-ensemble,1000,5
AMDT@0.1,AMDT,0.1,0.9105,0.9159067882472138,0.904,0.9099144438852542,0.9707255,0.088,0.5199999809265137,0.1524999999999999,1000,1000,0.5,0.0749874999999999,0.0974999999999999,0.0854999999999999,0.0085513156882435,"[250, 2000, 2000, 250, 250]","[80, 70, 50, 80, 120]",SRM(34671)+FLD-ensemble,1000,5
AMDT@0.4,AMDT,0.4,0.979,0.9770916334661356,0.981,0.9790419161676646,0.996629,0.0195,0.5,0.0072499999999999,1000,1000,0.5,0.013,0.0245124999999999,0.018,0.0073739406018763,"[2000, 250, 2000, 250, 2000]","[40, 40, 50, 50, 40]",SRM(34671)+FLD-ensemble,1000,5
AMDT_fixed_path@0.1,AMDT:fixed_path,0.1,0.9275,0.9322548028311426,0.922,0.9270990447461036,0.9829025,0.0694999999999999,0.4888888895511627,0.0939999999999999,1000,1000,0.5,0.057,0.0775,0.063,0.0115108644332213,"[2000, 2000, 2000, 2000, 2000]","[30, 60, 90, 60, 40]",SRM(34671)+FLD-ensemble,1000,5
AMDT_single_seg@0.1,AMDT:single_seg,0.1,0.8805,0.9017951425554382,0.854,0.8772470467385722,0.949164,0.1155,0.574999988079071,0.21675,1000,1000,0.5,0.1015,0.1265124999999999,0.1109999999999999,0.0100933146190931,"[2000, 2000, 2000, 1500, 2000]","[50, 50, 40, 40, 40]",SRM(34671)+FLD-ensemble,1000,5
EA-LSB@0.1,EA-LSB,0.1,0.7605,0.7612838515546639,0.759,0.7601402103154731,0.8272735,0.2395,0.5111111402511597,0.6415,1000,1000,0.5,0.2219874999999999,0.2525,0.2345,0.0214621760313347,"[1500, 2000, 2000, 1500, 500]","[40, 100, 60, 70, 90]",SRM(34671)+FLD-ensemble,1000,5
EA-LSB@0.4,EA-LSB,0.4,0.907,0.906187624750499,0.908,0.9070929070929072,0.966825,0.0864999999999999,0.4888888895511627,0.2069999999999999,1000,1000,0.5,0.0745,0.0969999999999999,0.0844999999999999,0.0240702098038218,"[2000, 1500, 1500, 2000, 500]","[40, 50, 80, 50, 90]",SRM(34671)+FLD-ensemble,1000,5
EvoHILL-STC@0.1,EvoHILL-STC,0.1,0.6385,0.644120707596254,0.619,0.6313105558388578,0.6873865,0.3605,0.5142857432365417,0.83,1000,1000,0.5,0.3444874999999999,0.3715,0.3565,0.0179060045794699,"[1500, 1500, 500, 1500, 2000]","[70, 80, 80, 40, 40]",SRM(34671)+FLD-ensemble,1000,5
EvoHILL-STC@0.4,EvoHILL-STC,0.4,0.8635,0.8697863682604272,0.855,0.8623298033282905,0.936007,0.1345,0.5,0.301,1000,1000,0.5,0.1199999999999999,0.1450124999999999,0.127,0.0112361025271221,"[500, 1500, 1500, 2000, 2000]","[140, 100, 70, 80, 50]",SRM(34671)+FLD-ensemble,1000,5
FM-PSO-LSB@0.1,FM-PSO-LSB,0.1,0.725,0.734375,0.705,0.7193877551020408,0.7831015,0.269,0.4749999940395355,0.7384999999999999,1000,1000,0.5,0.2524875,0.2825,0.2634999999999999,0.0112638803260688,"[1500, 1500, 2000, 1500, 750]","[80, 50, 60, 60, 150]",SRM(34671)+FLD-ensemble,1000,5
FM-PSO-LSB@0.4,FM-PSO-LSB,0.4,0.899,0.9046653144016228,0.892,0.8982880161127894,0.9657775,0.0959999999999999,0.4666666984558105,0.1919999999999999,1000,1000,0.5,0.0829999999999999,0.1074999999999999,0.094,0.0136473440639561,"[2000, 1500, 1500, 1500, 2000]","[30, 80, 30, 100, 60]",SRM(34671)+FLD-ensemble,1000,5
GA-FT@0.1,GA-FT,0.1,0.9205,0.9565689467969598,0.881,0.9172306090577824,0.969994,0.0774999999999999,0.5,0.1079999999999999,1000,1000,0.5,0.0655,0.088,0.0735,0.0163554272337961,"[2000, 1500, 2000, 2000, 2000]","[40, 60, 40, 40, 60]",SRM(34671)+FLD-ensemble,1000,5
GA-FT@0.4,GA-FT,0.4,0.9725,0.9876160990712074,0.957,0.9720670391061452,0.992371,0.0265,0.5,0.023,1000,1000,0.5,0.0195,0.0325,0.0235,0.0078262379212492,"[2000, 2000, 2000, 2000, 2000]","[30, 40, 20, 40, 20]",SRM(34671)+FLD-ensemble,1000,5
HILL-SIM@0.1,HILL-SIM,0.1,0.5595,0.5643243243243243,0.522,0.5423376623376623,0.5758095000000001,0.4395,0.5166667103767395,0.9058,1000,1000,0.5,0.425,0.446,0.432,0.0059686681931566,"[1500, 2000, 500, 500, 750]","[30, 20, 90, 40, 60]",SRM(34671)+FLD-ensemble,1000,5
HILL-SIM@0.4,HILL-SIM,0.4,0.7165,0.7252861602497399,0.697,0.7108618052014279,0.7956264999999999,0.273,0.4250000119209289,0.6910000000000001,1000,1000,0.5,0.255,0.2850124999999999,0.2635,0.0096176920308356,"[1500, 1500, 2000, 2000, 2000]","[40, 60, 50, 40, 30]",SRM(34671)+FLD-ensemble,1000,5
HILL-STC@0.1,HILL-STC,0.1,0.5765,0.580952380952381,0.549,0.5645244215938304,0.6114580000000001,0.4185,0.4769230782985687,0.8715999999999999,1000,1000,0.5,0.4044999999999999,0.4265,0.411,0.0097788036078039,"[250, 1000, 500, 500, 1500]","[80, 100, 100, 130, 50]",SRM(34671)+FLD-ensemble,1000,5
HILL-STC@0.4,HILL-STC,0.4,0.7765,0.7859358841778697,0.76,0.7727503812913066,0.8564399999999999,0.2194999999999999,0.4799999892711639,0.5628,1000,1000,0.5,0.2034874999999999,0.2324999999999999,0.2154999999999999,0.0117792189893897,"[500, 1500, 2000, 2000, 2000]","[80, 70, 30, 30, 50]",SRM(34671)+FLD-ensemble,1000,5
LSB-M@0.1,LSB-M,0.1,0.898,0.888671875,0.91,0.8992094861660078,0.961982,0.1009999999999999,0.5,0.2119999999999999,1000,1000,0.5,0.0879999999999999,0.1109999999999999,0.0965,0.0092870878105033,"[250, 250, 2000, 250, 250]","[60, 80, 60, 70, 110]",SRM(34671)+FLD-ensemble,1000,5
LSB-M@0.4,LSB-M,0.4,0.9675,0.9587831207065752,0.977,0.967805844477464,0.994006,0.0305,0.5399999618530273,0.0158888888888889,1000,1000,0.5,0.023,0.0375,0.0275,0.0070710678118654,"[2000, 250, 250, 250, 250]","[40, 50, 40, 40, 30]",SRM(34671)+FLD-ensemble,1000,5
LSB@0.1,LSB,0.1,0.9185,0.949516648764769,0.884,0.915587778353185,0.96951,0.0775,0.550000011920929,0.1134999999999999,1000,1000,0.5,0.0654999999999999,0.0865124999999999,0.0749999999999999,0.0160078105935821,"[2000, 1500, 1500, 1500, 2000]","[50, 50, 60, 40, 40]",SRM(34671)+FLD-ensemble,1000,5
LSB@0.4,LSB,0.4,0.9755,0.9897013388259528,0.961,0.9751395230847286,0.994135,0.021,0.4399999976158142,0.024,1000,1000,0.5,0.015,0.0275,0.0205,0.0037080992435478,"[1500, 2000, 2000, 1500, 2000]","[50, 30, 30, 50, 40]",SRM(34671)+FLD-ensemble,1000,5
MiPOD-SIM@0.1,MiPOD-SIM,0.1,0.5645,0.5688367129135539,0.533,0.5503355704697986,0.5911735,0.4295,0.4714285731315613,0.8899166666666667,1000,1000,0.5,0.416,0.4375,0.4235,0.0161632298752446,"[1000, 500, 1500, 1000, 2000]","[40, 50, 30, 70, 30]",SRM(34671)+FLD-ensemble,1000,5
MiPOD-SIM@0.4,MiPOD-SIM,0.4,0.7235,0.7345225603357818,0.7,0.7168458781362008,0.8062275,0.2675,0.3500000238418579,0.683,1000,1000,0.5,0.25,0.2800124999999999,0.2595,0.0062249497989943,"[2000, 2000, 1500, 1500, 2000]","[30, 60, 50, 60, 70]",SRM(34671)+FLD-ensemble,1000,5
MiPOD-STC@0.1,MiPOD-STC,0.1,0.597,0.6031914893617021,0.567,0.5845360824742267,0.634492,0.402,0.5142857432365417,0.8645,1000,1000,0.5,0.387,0.4095,0.392,0.0163363092527045,"[1500, 250, 2000, 2000, 2000]","[40, 60, 50, 70, 80]",SRM(34671)+FLD-ensemble,1000,5
MiPOD-STC@0.4,MiPOD-STC,0.4,0.7815,0.7852077001013171,0.775,0.7800704579768496,0.8707375,0.2135,0.3857142925262451,0.5389999999999999,1000,1000,0.5,0.1959874999999999,0.225,0.2015,0.0065192024052026,"[250, 2000, 2000, 500, 2000]","[70, 70, 30, 80, 50]",SRM(34671)+FLD-ensemble,1000,5
PVD@0.1,PVD,0.1,0.9575,0.9701952723535456,0.944,0.9569183983781044,0.9883165,0.04,0.3799999952316284,0.032,1000,1000,0.5,0.031,0.0464999999999999,0.037,0.008177713616898,"[500, 1500, 2000, 1500, 1500]","[70, 50, 20, 50, 70]",SRM(34671)+FLD-ensemble,1000,5
PVD@0.4,PVD,0.4,0.999,1.0,0.998,0.998998998998999,0.9999825,0.0005,0.4000000357627868,0.0,1000,1000,0.5,0.0,0.0015124999999999,0.0005,0.0011180339887498,"[2000, 2000, 2000, 2000, 2000]","[30, 20, 20, 20, 20]",SRM(34671)+FLD-ensemble,1000,5
S-UNIWARD-SIM@0.1,S-UNIWARD-SIM,0.1,0.578,0.5807453416149069,0.561,0.5707019328585963,0.617386,0.417,0.4599999785423279,0.874,1000,1000,0.5,0.4024999999999999,0.4235,0.4054999999999999,0.0116458146988521,"[2000, 2000, 1500, 2000, 2000]","[80, 60, 70, 30, 50]",SRM(34671)+FLD-ensemble,1000,5
S-UNIWARD-SIM@0.4,S-UNIWARD-SIM,0.4,0.763,0.7678207739307535,0.754,0.7608476286579212,0.8464575,0.2329999999999999,0.4799999892711639,0.5773333333333334,1000,1000,0.5,0.2169874999999999,0.246,0.226,0.0109829413182443,"[2000, 2000, 2000, 2000, 2000]","[60, 50, 60, 40, 100]",SRM(34671)+FLD-ensemble,1000,5
S-UNIWARD-STC@0.1,S-UNIWARD-STC,0.1,0.605,0.6102941176470589,0.581,0.5952868852459016,0.6614914999999999,0.3815,0.4749999940395355,0.835,1000,1000,0.5,0.367,0.392,0.375,0.0133463478150391,"[1500, 2000, 2000, 250, 2000]","[40, 40, 40, 60, 100]",SRM(34671)+FLD-ensemble,1000,5
S-UNIWARD-STC@0.4,S-UNIWARD-STC,0.4,0.8325,0.8308457711442786,0.835,0.8329177057356607,0.9115735,0.1634999999999999,0.4142857193946838,0.43,1000,1000,0.5,0.1475,0.175,0.1594999999999999,0.010062305898749,"[2000, 2000, 2000, 2000, 2000]","[50, 30, 100, 50, 70]",SRM(34671)+FLD-ensemble,1000,5
WOW-SIM@0.1,WOW-SIM,0.1,0.5715,0.5781420765027322,0.529,0.5524804177545692,0.597746,0.4255,0.5,0.8856666666666666,1000,1000,0.5,0.412,0.432,0.414,0.0076239753409884,"[1500, 1500, 2000, 1500, 1500]","[80, 70, 40, 40, 30]",SRM(34671)+FLD-ensemble,1000,5
WOW-SIM@0.4,WOW-SIM,0.4,0.7515,0.7584789311408017,0.738,0.7480993411049165,0.830544,0.2455,0.5,0.6125,1000,1000,0.5,0.2289999999999999,0.2594999999999999,0.234,0.0125747763399592,"[1500, 1500, 500, 2000, 2000]","[70, 70, 100, 40, 60]",SRM(34671)+FLD-ensemble,1000,5
WOW-STC@0.1,WOW-STC,0.1,0.594,0.6,0.564,0.5814432989690722,0.6338874999999999,0.401,0.4749999940395355,0.878,1000,1000,0.5,0.387,0.41,0.3929999999999999,0.0117792189893897,"[2000, 1500, 1500, 500, 1500]","[40, 40, 90, 80, 70]",SRM(34671)+FLD-ensemble,1000,5
WOW-STC@0.4,WOW-STC,0.4,0.8075,0.8059701492537313,0.81,0.8079800498753117,0.890631,0.1875,0.5571428537368774,0.484,1000,1000,0.5,0.1714999999999999,0.1999999999999999,0.1764999999999999,0.0092870878105033,"[2000, 2000, 2000, 2000, 2000]","[70, 40, 50, 40, 50]",SRM(34671)+FLD-ensemble,1000,5
