method,n,psnr_mean,psnr_sd,psnr_seed_sd,ssim_mean,ssim_sd,mse_mean,mse_sd,eff_mean,eff_sd,changes_mean,hill_median,hill_mean,loghill_mean,extract_ok,extract_checked,blind,wall_mean,wall_sd,evals_mean,gens_mean
AMDT-D:fixed_path,500,61.186741977916675,0.0214189418430361,0.0011992793069264109,0.9997447270840963,0.00017058500937185744,0.04947792053222653,0.00024432881475512815,2.0211217556312744,0.009955579770879967,12970.34,7918.658682979643,47171421.70269184,4.665965182159273,500,500,True,2.154483555821702,0.39008380191366865,1312.42,55.09
AMDT-D:full,500,61.20630889011573,0.028107874511351875,0.0014650050784818078,0.9997542894804846,0.00017033702114410337,0.04925593566894528,0.00032005406906296136,2.030266062967067,0.01308887514529217,12912.148,6873.934872951359,25409250.844569523,4.494416744856761,500,500,True,4.363333889855072,0.7904751236379451,1997.334,84.532
AMDT-D:mse_fitness,500,61.23385999973263,0.014834981900468011,0.0008806396561391346,0.9996911241294959,0.00017854244507167167,0.04894371032714839,0.00016715924846064675,2.0431560650399767,0.006980323140730829,12830.3,10421.617553014308,316802939.77523404,5.227811688381035,500,500,True,2.821696920295246,0.7011846764366216,1611.272,68.056
AMDT-D:no_ga,500,61.12904381481468,0.028199228261818747,0.003152498147807851,0.9997443856068902,0.00017698323183625963,0.05014009094238277,0.0003256334236791934,1.9944655042002677,0.012947806148910035,13143.924,7218.189439218491,27393347.68291763,4.516218410192878,500,500,True,6.646472988806665,1.185364937323206,1997.334,1997.334
AMDT-D:no_gate,500,61.192295350678556,0.029850668380017906,0.0007308037394122795,0.9996604039498371,0.00017684800416244666,0.049415260314941374,0.0003408240124788585,2.023730896377413,0.013862285285056595,12953.914,8941.92071440816,117857963.83815296,4.768372992244096,500,500,True,4.250455354083795,0.8863476129982799,2164.71,91.592
AMDT-D:no_search,500,61.1024124781851,0.026240278177166253,0.002106374570391744,0.9996797136471209,0.00018247035690279094,0.05044835662841794,0.00030476037412636845,1.9822670974024268,0.011979134406679815,13224.734,11047.737044349313,423773706.5487879,5.3001935733090555,500,500,True,0.4837697724434547,0.013719063846998237,1.0,1.0
AMDT-D:single_seg,500,61.18654472812895,0.02133114596929883,0.0017222005654206865,0.999790771786196,0.00017368096238753615,0.04948016357421871,0.00024376726747601826,2.0210297327182203,0.00989707572774163,12970.928,4807.046492751688,10095860.044510374,4.187958568372815,500,500,True,1.2093197342096829,0.23336360531804012,533.06,49.154
AMDT:fixed_path,500,61.192438406769206,0.015911717417610678,0.0016059030856419832,0.9995961780694331,0.00017844949642927357,0.049412796020507785,0.00018102835580761773,2.023763515270411,0.0074151571417619445,12953.268,8319024.59050215,1099856556.002167,6.354576994208781,500,500,True,6.610353130734992,1.9019333518713897,1836.878,76.972
AMDT:fixed_plane,500,61.234647486878295,0.014861863866491416,0.0020323187863217126,0.9995584765566821,0.00020285437329195966,0.04893483734130857,0.00016736582326125273,2.043526621494781,0.006997032343246805,12827.974,3405929.0516287163,1151089685.7429023,6.250694070867312,500,500,True,5.771056186739355,1.6406400043568878,1640.526,68.73
AMDT:full,500,61.21800440915155,0.014682193116914004,0.0015042600547579583,0.9995614573458754,0.00020489445845537786,0.049122718811035124,0.00016597330793254305,2.035710098260575,0.0068861383131459215,12877.226,8827818.082335427,1072200013.5487479,6.3967611882240165,500,500,True,9.770668591542169,2.0227922132959226,2015.332,84.62
AMDT:no_T1T2,500,61.22219248736845,0.053957525384417705,0.004922657472048481,0.9995594920281086,0.00020537095498028885,0.04907920837402341,0.0006936274863926133,2.0390276123567586,0.008675242524271083,12856.354,3662567.694335807,1067149752.5825227,6.255796114488721,500,500,True,7.773277560743038,2.4169912823656423,2088.754,87.716
AMDT:no_T3,500,61.224759258878414,0.01557210027769956,0.001465638911053232,0.9995609511413456,0.00020783250519386637,0.04904640960693355,0.00017582574913576075,2.0388802768367156,0.007312144196397085,12857.222,9664006.607587956,1121575557.035114,6.3704882249091135,500,500,True,5.52551926252665,0.9058519805312786,2118.072,88.958
AMDT:no_T4,500,61.21383548290247,0.06262193817607566,0.005562001434781349,0.9995606851392708,0.00020376835908393563,0.04917526245117185,0.0008263050658596108,2.0352748860016083,0.008616641563134174,12880.058,8249974.922690704,1038104150.231659,6.330358108976647,500,500,True,6.419157338905614,1.750306782993143,1987.878,83.416
AMDT:no_decomp,500,61.2325513362072,0.014149620917894849,0.0015671346827469612,0.9995578100768244,0.00020665906735667115,0.048958435058593715,0.0001594697477171155,2.0425394187996764,0.006656452110242684,12834.16,4070423.8618642837,975044630.1425896,6.299824869675227,500,500,True,4.79758853668673,0.5834469008068747,2226.55,93.564
AMDT:no_ga,500,58.230032036080054,1.1748078792435028,0.12356974339734116,0.9991167755639238,0.0005384756181695641,0.10124981689453122,0.026376920470584087,2.17942862065451,0.1449661848925697,12079.474,4000669.593435522,983884568.8772532,6.185872463561637,500,500,True,14.657939222774933,3.785210589806692,2015.332,2015.332
AMDT:no_search,500,48.13457424777682,1.8248970644921163,0.19305875592020708,0.9932837982184778,0.0034472897451510815,1.0811071701049804,0.40414328394511123,2.6633598055876297,0.3044342432412238,9966.47,2787535.080242701,849458988.3306259,6.099516680236387,500,500,True,0.03988500359375025,0.005819830578218718,1.0,1.0
AMDT:single_seg,500,61.1876206913203,0.17194986638275364,0.016875184597021864,0.9995578998085218,0.0002122407322883975,0.04952029418945309,0.003135552304445658,2.026408200656337,0.030054697031251056,12938.358,19127.019089784473,1132113969.0257134,5.857559973155963,500,500,True,1.3959590482874773,0.5867417760734139,552.76,45.838
AMDT:unconstrained,500,61.21443705563078,0.015088473585286798,0.0009578391508372837,0.9995561566038246,0.0002025228722795844,0.049163101196289034,0.0001707220211270728,2.034039275466753,0.007070236824069605,12887.812,5034929.061971724,1083474041.50746,6.252914764486498,500,500,True,5.584243551765568,1.2094941784560191,1993.404,83.66
