payload,variant,bias,rho1,entropy,chi2_p,lsb_bias_z,rs_rate,ws_rate
all_zeros,T1T2_only,0.5,0.0,3.986313713864835e-11,,,,
all_zeros,T3_only,0.5,0.0,3.986313713864835e-11,,,,
all_zeros,T4_only,0.002275120164797382,0.0005751215075026986,0.9999762075951115,,,,
all_zeros,cover,,,,0.32159184007644165,2.8083793543419473,0.019942325256665516,0.006938025206558713
all_zeros,full,0.002275120164797382,0.0005751215075026986,0.9999762075951115,0.9745957267680723,0.8074059760701578,0.103788429747486,0.09608651254354066
all_zeros,no_decomp,0.5,0.0,3.986313713864835e-11,0.0,80.95060222135471,0.017724251604075578,0.006463524540784089
ascii_text,T1T2_only,0.039330128938735,-0.0151704998335655,0.9955320941096824,,,,
ascii_text,T3_only,0.039330128938735,-0.01363971256205715,0.9955320941096822,,,,
ascii_text,T4_only,0.00263981078812843,0.0004898119877095841,0.9999707762777709,,,,
ascii_text,cover,,,,0.32159184007644165,2.8083793543419473,0.019942325256665516,0.006938025206558713
ascii_text,full,0.00236705577172498,-0.00038071886945910654,0.9999741673736783,0.9574570320274836,0.71376862450021,0.10433934397566791,0.09620441377524822
ascii_text,no_decomp,0.039330128938735,-0.0152411445814057,0.9955320941096822,0.5928640238923774,6.361904493208863,0.1054405815773438,0.06527102025827286
uniform,T1T2_only,0.002459372854199983,-0.001361333345651104,0.9999728974414688,,,,
uniform,T3_only,0.002459372854199984,-0.0014186547457601794,0.9999728974414688,,,,
uniform,T4_only,0.0024929427023727226,-0.0003374134002804,0.9999706561958013,,,,
uniform,cover,,,,0.32159184007644165,2.8083793543419473,0.019942325256665516,0.006938025206558713
uniform,full,0.0023498893720911903,-0.00014006564896386592,0.9999782212101634,0.9579295420912038,0.7088273394569409,0.10479357604929813,0.09632940501797234
uniform,no_decomp,0.002459372854199984,-0.0013690577980659006,0.9999728974414688,0.9661600993659819,0.8256887307302532,0.10470131059563252,0.09611782120938242
