method,rate,n,psnr_mean,psnr_sd,psnr_seed_sd,ssim_mean,ssim_sd,mse_mean,mse_sd,eff_mean,eff_sd,changes_mean,hill_median,hill_mean,loghill_mean,extract_ok,extract_checked,blind,wall_mean,wall_sd,evals_mean,gens_mean
AMDT,0.05,500,64.23674643659008,0.021862698390342893,0.0016358044863366147,0.9997820765666343,0.00010062869046303886,0.02451383209228512,0.00012333601033472856,2.0396852450357765,0.010273777254203963,6426.154,562462.1336557232,502712759.02337015,5.807363895610682,500,500,True,8.628060726283119,2.781746729865687,2022.69,84.896
AMDT,0.1,500,61.21800440915155,0.014682193116914004,0.0015042600547579583,0.9995614573458754,0.00020489445845537786,0.049122718811035124,0.00016597330793254305,2.035710098260575,0.0068861383131459215,12877.226,8827818.082335427,1072200013.5487479,6.3967611882240165,500,500,True,9.770668591542169,2.0227922132959226,2015.332,84.62
AMDT,0.2,500,58.191476983697754,0.061121357940611354,0.005988321509919205,0.9991028785554581,0.0004350793780700549,0.09862345123291012,0.001618123173893157,2.0296492648861384,0.007516490780950049,25831.9,13174374.77878838,2130201631.7456212,6.71156523536257,500,500,True,12.469499932881444,3.0244024988818903,2014.704,84.578
AMDT,0.4,500,55.16644385550188,0.06134306720924623,0.005918991112970439,0.9982079377524469,0.0008227547892067696,0.19791741943359376,0.0032750157130494737,2.022811894214426,0.006793699107007546,51838.298,103793696.2111907,4478146871.624054,7.33977720077808,500,500,True,16.82635130908899,3.455764594873312,2007.32,84.248
AMDT-D,0.05,500,64.23210315147861,0.03501066206164131,0.0035619734783279076,0.9998939240021939,8.067841410077022e-05,0.024540542602539028,0.00019850503410945145,2.0375458220370293,0.016371758087474285,6433.156,2959.956764359027,19563958.868410487,4.149944534840368,500,500,True,3.896855146892369,0.740788259737768,1963.706,83.074
AMDT-D,0.1,500,61.20630889011573,0.028107874511351875,0.0014650050784818078,0.9997542894804846,0.00017033702114410337,0.04925593566894528,0.00032005406906296136,2.030266062967067,0.01308887514529217,12912.148,6873.934872951359,25409250.844569523,4.494416744856761,500,500,True,4.363333889855072,0.7904751236379451,1997.334,84.532
AMDT-D,0.2,500,58.17770243681279,0.023208952693452734,0.0017451511744496651,0.9994164702086087,0.00035572110438544064,0.09892733764648434,0.000530617140009425,2.02175119839464,0.010765029165926457,25933.208,16435.528887998313,155509263.14979112,4.994148069976338,500,500,True,5.284002998160198,0.9205102754259076,2037.032,86.204
AMDT-D,0.4,500,55.15112129916252,0.018959261836183506,0.0009938469014815203,0.9985937425340088,0.0007552014080475589,0.19859685516357423,0.0008688742571322587,2.0141765767448137,0.008773838074255516,52060.974,37900.39264063537,1059642740.9708775,5.50435409864091,500,500,True,6.8619896212276075,1.1823836601518012,2077.108,87.922
EA-LSB,0.05,500,64.15104361521301,0.0392367918738356,0.0021326459540118602,0.9999624990718826,3.914220735644852e-05,0.02500308990478512,0.00022578485051288094,1.9998852297698837,0.018077333696474882,6554.41,2035229.8478610218,84202397.89307857,5.900561200512105,500,500,True,0.08194413923285898,0.009696815096242508,,
EA-LSB,0.1,500,61.14143716827669,0.026017001077049517,0.001477754950104724,0.9998870503205428,0.00010530908813320182,0.04999705505371091,0.00029967508925905686,2.000158921773976,0.011976072500561076,13106.428,7690703.482894178,151530584.79900655,6.218709237608997,500,500,True,0.08267015752382574,0.009665580636576077,,
EA-LSB,0.2,500,58.13054644920716,0.018743556484085523,0.002518550750039205,0.9996526904899747,0.0002824140405546442,0.10000685119628903,0.00043173961157347464,1.9999077911192253,0.00862893293206815,26216.196,16298268.780444212,268765364.7508276,6.574469305392687,500,500,True,0.08375112041644749,0.010663948528682339,,
EA-LSB,0.4,500,55.12019961172175,0.012916056483472214,0.0015487928483157562,0.9989371976576479,0.0007077362601127931,0.20001488494873046,0.000594956295230546,1.9998764436008294,0.005946667358213817,52432.702,32835053.647859067,631534138.8218323,6.902488802695594,500,500,True,0.08251092753559348,0.010556476978631874,,
EvoHILL-STC,0.05,500,67.52888680038822,0.6740860906864491,0.0027828475410112755,0.9999649505771004,2.9465633532643406e-05,0.011628959655761684,0.0018837063241831957,4.404211261403473,0.6628915192425742,3048.462,336162.5951014403,23296352.153582316,5.122294915651191,500,500,True,0.7511389725785702,0.037424773917562645,,
EvoHILL-STC,0.1,500,64.10108512724283,0.6456952837102053,0.001255496588599278,0.9999096930585063,7.105384505076012e-05,0.02557731628417965,0.003929850723019088,3.9968247756514965,0.5786158663113117,6704.94,1143741.5603540353,45837820.524974875,5.546872383231184,500,500,True,0.7726304385997355,0.04472201113496887,,
EvoHILL-STC,0.2,500,60.543092953256014,0.6595872350917893,0.0007734024526311515,0.9997610514779988,0.0001733841932352955,0.058067687988281214,0.009316866976193936,3.5245465214866543,0.5132745114095077,15222.096,3158106.157673631,117171828.79633446,6.02352577999151,500,500,True,0.7818264488875866,0.038274569080679416,,
EvoHILL-STC,0.4,500,56.80883635881904,0.5645397785715883,0.0014772755270461247,0.9993430250818698,0.00045607905429512446,0.13673281860351563,0.01791610531961675,2.9751264181712007,0.38420068113076744,35843.688,14141766.30429077,363733685.4216046,6.523880156558494,500,500,True,0.8522973449360579,0.04652259241644372,,
FM-PSO-LSB,0.05,500,64.26691805880472,0.015044321407847028,0.0012643844350053051,0.9999597538010241,4.108183207714324e-05,0.024343955993652307,8.426968651941497e-05,2.0538911531728434,0.0071199356431951,6381.622,492198.89254961535,25968910.563117206,5.402947921064761,500,500,True,4.825477377485484,0.38618104219041993,,
FM-PSO-LSB,0.1,500,61.22286835799563,0.011020407951590228,0.0005310353347199516,0.9998894476638207,0.00010551036466005691,0.04906761169433591,0.00012440936926592683,2.03798622524419,0.0051757664584436685,12862.78,1365279.109819308,67575646.79748482,5.828959746585051,500,500,True,5.55895647990331,0.3902842954312334,,
FM-PSO-LSB,0.2,500,58.18860168705264,0.007750663204567891,0.0002286569377783152,0.9996827176983023,0.00026590223383584944,0.09867812347412107,0.00017598566330279944,2.026805857542363,0.003619647056322839,25867.878,5809122.810672035,141642865.1336426,6.239722615430251,500,500,True,7.500514401787892,0.5647130270862151,,
FM-PSO-LSB,0.4,500,55.16067866014014,0.005357847366958447,0.00034631384864296466,0.9990239610194449,0.0006954953594394654,0.19815855407714844,0.0002444011883095227,2.01859634737118,0.0024909872688507148,51946.076,17382632.538512647,437792852.8528687,6.685917614752973,500,500,True,10.728784142181278,0.6579297764480764,,
GA-FT,0.05,500,64.15869659044745,0.17799133059285693,0.017817318825135955,0.9997777958877032,0.00010542645871096242,0.02498688507080074,0.001655616764728762,2.008252167316246,0.029869367296727994,6527.714,13762.272968173027,944753772.6647581,5.802010310325138,500,500,True,1.49224832521379,0.8963469243301339,503.578,31.556
GA-FT,0.1,500,61.16226340548956,0.01560741848165232,0.002141417562090504,0.9995035266798072,0.0002330088475932574,0.04975730133056637,0.0001786699043856514,2.0097505361041996,0.007228422530452766,13043.578,2070724.197919011,1852193065.749981,6.173028958609259,500,500,True,1.6364964613579214,0.4949995984894169,503.754,31.642
GA-FT,0.2,500,58.14962021512481,0.010283456171552754,0.0008347793897632826,0.9989840388459006,0.0004715192430390471,0.09956794738769528,0.0002356899862874776,2.0086974503079302,0.004757774113848512,26101.14,4499740.6080610305,3634873756.515983,6.573421328219749,500,500,True,2.0870640053898097,0.6330694512794841,501.242,31.444
GA-FT,0.4,500,55.137050480363456,0.007522939650614389,0.0004131708061225764,0.998042099205237,0.0008841112122412003,0.19923973846435547,0.00034503044878375795,2.0076452960813023,0.0034786648162075592,52229.502,20388396.21867801,6725962447.04947,7.07130567600585,500,500,True,3.2526232078727335,0.7221902455462244,505.894,31.658
HILL-SIM,0.05,500,69.44956708890757,0.8069514898992551,0.011597416454764297,0.9999726555119265,2.0954067008858375e-05,0.007510955810546842,0.0014331404187246568,6.89014448606922,1.2654093398656916,1968.952,491.0461357906461,670.3547710337937,2.69929931437044,0,0,False,0.5885749736651779,0.03313924312538811,,
HILL-SIM,0.1,500,66.03042221361923,0.7476237737301602,0.008592236338829936,0.9999323945519049,4.868356591043173e-05,0.01646302795410153,0.002886606576223823,6.256351256547556,1.0688288260596825,4315.684,1227.3095489516854,1692.9968222060577,3.0997272598591517,0,0,False,0.5916407612431794,0.032104645526828506,,
HILL-SIM,0.2,500,62.54680423229288,0.695660405733195,0.002891875708119658,0.9998290104394393,0.0001142328861891768,0.0366425628662109,0.005937705606449213,5.599587601026105,0.8918904684710734,9605.628,3357.597871284932,4426.76307639245,3.5173859196743305,0,0,False,0.6015363874137402,0.037777300324449495,,
HILL-SIM,0.4,500,58.943399013687625,0.6425916189408114,0.0015385093079078936,0.9995460352278362,0.0002786953619070218,0.08385217285156248,0.01256618752455726,4.875579101252907,0.7145913038432867,21981.344,9103.061889126897,12368.297529711288,3.964308851333571,0,0,False,0.6104741278905421,0.04412077310307414,,
HILL-STC,0.05,500,68.34014805687953,0.731249196231258,0.000548841488905292,0.9999627445178494,2.7271407870503895e-05,0.00966649627685543,0.001662665312427245,5.320803465328672,0.8866366181945678,2534.014,1106.832883503288,1606363.673973648,3.8683312998946806,500,500,True,0.9386842977181077,0.3098490729853139,,
HILL-STC,0.1,500,64.92167504961854,0.694405449608438,0.0016453903923224985,0.9999093036487676,6.261817227901636e-05,0.021207771301269492,0.003447248609903996,4.836944314531615,0.7663542302425205,5559.49,2759.1779787391424,1576921.3531058643,4.14006387108255,500,500,True,0.8593454983811826,0.047803703495772405,,
HILL-STC,0.2,500,61.39459980449481,0.6499819891019276,0.002006484738927608,0.9997714609359907,0.00014863188745697532,0.04769857025146482,0.0072304844788474475,4.287688431381405,0.6352229541564703,12503.894,6577.169343300164,1393155.1654709792,4.347008451429368,500,500,True,0.8894695858024061,0.03941009629440709,,
HILL-STC,0.4,500,57.658551023412436,0.6221796598766333,0.0006548368554846068,0.9993651070716535,0.0005962345001575123,0.1126651916503906,0.016877394357158168,3.6238636058873697,0.5018466539501182,29534.504,16867.749399974942,3668268.0281300587,4.703047627675903,500,500,True,0.9186926497593522,0.04018444648793586,,
LSB,0.05,500,64.15010229982417,0.04019765730787858,0.0025797101052745393,0.9997749459888385,0.0001072713872886997,0.025008560180664025,0.00023133006491683511,1.9994558581274033,0.01851923977197269,6555.844,12201.781341474503,951260540.9507676,5.695122229037761,500,500,True,0.0002514078225939974,0.0005719077869271111,,
LSB,0.1,500,61.141336426363814,0.028354726664407467,0.0021804350491373965,0.9994979583476808,0.00023641447253543754,0.04999838256835935,0.00032640035755883304,2.000119267077004,0.013060298891173742,13106.776,25235.794544160366,1854466003.1474397,6.080288982077119,500,500,True,0.00033776680380101,0.0008316861993558569,,
LSB,0.2,500,58.12999094578258,0.01884148913257752,0.0018836897369935964,0.998976635395821,0.0004760435892498841,0.10001965332031247,0.0004338768326823647,1.9996522002082207,0.008676391402184194,26219.552,4307564.443202481,3653776766.507239,6.54106975425036,500,500,True,0.0003946781586855174,0.0006094838751176332,,
LSB,0.4,500,55.12063421008624,0.013534593480093246,0.0020131348921595127,0.9980328465048095,0.0008867264346986778,0.19999495697021485,0.0006233157392637208,2.0000774475565954,0.006232789776234019,52427.478,21295677.548812844,6739993969.0580015,7.056324633641007,500,500,True,0.0006126872301101208,0.0008795505030384117,,
LSB-M,0.05,500,64.15418373256139,0.03658535395633155,0.004388163661918698,0.9997749582835783,8.532822824130131e-05,0.02498488616943356,0.000210652326368631,2.0013210372047476,0.016845808722872453,6549.638,17311723.758922912,566489181.1248437,6.748465754331384,500,500,True,0.008635298043489404,0.0027053366200052637,,
LSB-M,0.1,500,61.14181080776861,0.02686686017281127,0.0032498317405688496,0.9995493061083478,0.00017208179893769886,0.049992813110351524,0.0003093583874445967,2.0003333943471624,0.012371496432926106,13105.316,35197710.35795312,1125689022.4936752,7.059958873695497,500,500,True,0.009124319331720424,0.0033129319969744794,,
LSB-M,0.2,500,58.13207336941637,0.0188080222185921,0.0014337892457613542,0.9990991700234091,0.00034725609067695287,0.09997170257568357,0.00043296214806071756,2.000611186361636,0.008663876646444859,26206.982,67081329.34724936,2259936720.730653,7.362762750964361,500,500,True,0.009627268429845522,0.002894034255363057,,
LSB-M,0.4,500,55.1195124507368,0.01349595084733942,0.0015654094869089962,0.9981957139409722,0.0007142372945419513,0.20004661560058593,0.0006215628183536107,1.9995608511069893,0.006214706381768844,52441.02,132298383.09525836,4516086003.28333,7.66455534937988,500,500,True,0.011738459181040476,0.0036975906838388377,,
MiPOD-SIM,0.05,500,70.41691943811587,0.4830858742458955,0.010729082528226127,0.9999683499801681,2.03805358996851e-05,0.005944587707519494,0.0006819312817616768,8.515361867650409,0.9209040920309748,1558.338,1726.4474830925465,5474140.610409189,4.4376282026900915,0,0,False,3.111141579700634,0.6369607914665444,,
MiPOD-SIM,0.1,500,66.73582890151346,0.5510414283314476,0.0048257848041196125,0.9999255987196375,4.7294538096418014e-05,0.013901939392089805,0.0018376969307758015,7.309632722631129,0.8946203257654312,3644.31,225723.66505761445,13670312.558635993,5.0413160829636,0,0,False,3.0987993942908942,0.7032578245662051,,
MiPOD-SIM,0.2,500,62.94967732744316,0.6338098492317621,0.004868731638258224,0.9998192071396234,0.00011296581420073879,0.03333363342285153,0.005137558970207275,6.128939578442322,0.8551034097361091,8738.212,748199.9284700006,36904160.199302696,5.543862934643725,0,0,False,3.1589873430095614,1.3981563734682896,,
MiPOD-SIM,0.4,500,59.00545877334083,0.6844689482198775,0.003647929389135365,0.9995330859536591,0.0002808667792574147,0.08280075836181638,0.013532508493235817,4.952050699394505,0.7561817291192511,21705.722,2542080.870882822,116285000.02144428,6.063252622354542,0,0,False,3.006733377115801,0.6185735602558522,,
MiPOD-STC,0.05,500,69.20050686771978,0.4210536885034189,0.0026360983529169295,0.9999575866970367,2.6747986993770123e-05,0.007854324340820276,0.0007866501481739462,6.425819594042176,0.6047103463286684,2058.964,151434.64139398187,9854821.113858163,4.896364531196989,500,500,True,11.439124676054343,34.79707506109755,,
MiPOD-STC,0.1,500,65.57805472268653,0.4680142634495591,0.0008288096397675642,0.9999018920068038,6.0388936281028665e-05,0.018106880187988245,0.002016843484068388,5.5870569843892826,0.5847043169254346,4746.61,747478.1223697923,23945369.850898203,5.370474448385981,500,500,True,3.5718468557037415,4.9470182772907805,,
MiPOD-STC,0.2,500,61.813201378411996,0.5015956264922152,0.0012370275455882995,0.9997645406341429,0.0001397712862477149,0.04312159729003903,0.0051055507696656025,4.700198121905761,0.5310051739584077,11304.068,2074808.8487831391,72467998.31182474,5.882309575719268,500,500,True,3.8410162771288308,0.9952572651669199,,
MiPOD-STC,0.4,500,57.85314214233919,0.4828031116500113,0.0009226899557090483,0.9994012186821517,0.0003434410191922174,0.10726303100585935,0.011975331100099849,3.7753986812075038,0.4175672873759569,28118.36,10621319.723418627,277359917.8287752,6.544673218141957,500,500,True,3.851243465516716,0.8720376995442478,,
PVD,0.05,500,56.45304457020183,2.3336794851187848,0.010551332170687159,0.9991576600743031,0.0003722550110913169,0.17818305969238282,0.1525260476854007,1.9972536635163005,0.09963812307137854,6577.212,11651.386622834953,208210480.26846698,5.508399008439726,0,0,True,0.02169032691977913,0.010213598123274017,,
PVD,0.1,500,53.418207706584674,2.3375164645046427,0.01056265920355307,0.9979849980390729,0.0008680126639821469,0.35820106506347654,0.3032638548037075,1.9969234146991621,0.09713222132369151,13155.306,26434.943911135197,433422135.77903956,5.915641782168216,0,0,True,0.04372464308142658,0.02593932568738413,,
PVD,0.2,500,50.33286778374849,2.3559846408392118,0.001544561421677734,0.9956999718192431,0.0018452330916704054,0.7303186416625976,0.6218248434505772,1.9982679347556238,0.09676469961127603,26292.82,52467.383955940604,812848466.689394,6.274511910084088,0,0,True,0.0853103753197938,0.03416258590064127,,
PVD,0.4,500,47.11219856065977,2.2895482074294358,0.006364479933601266,0.9915019160729053,0.0036423860305753834,1.5024785232543945,1.1580943616543804,2.0048626375727396,0.09508751784344373,52408.89,13126175.94837923,1496259128.2928672,6.7499344514827815,0,0,True,0.1635518612768501,0.047787694228283176,,
S-UNIWARD-SIM,0.05,500,69.99290197729957,0.5355260380670082,0.013189819556428603,0.9999778196012076,1.7758476728445614e-05,0.006562995910644492,0.0008193318192439343,7.7348898659787775,0.9517240764662327,1720.45,298681.01857422106,11958619.962277805,4.919582921961568,0,0,False,2.304937127629295,0.20104530708277565,,
S-UNIWARD-SIM,0.1,500,66.60001385483139,0.48949140627961474,0.005194559041254268,0.9999434284630221,4.212611804107089e-05,0.014317810058593712,0.001661768222102869,7.0733992802006735,0.7836834745509642,3753.328,1175320.2376688328,30535066.993464354,5.408771023930736,0,0,False,2.2724319535642863,0.17412291473972533,,
S-UNIWARD-SIM,0.2,500,63.1145756536634,0.43688811831388685,0.0033247972799126486,0.9998519111570724,0.00010034816031233976,0.03190349578857418,0.0032666955024713232,6.332562541679084,0.6286649305449838,8363.31,2987205.4388505686,89478178.92149629,5.947594946237104,0,0,False,2.274335320951417,0.1450301979127069,,
S-UNIWARD-SIM,0.4,500,59.501710965317784,0.38164559626477595,0.002010379552952598,0.999596490391286,0.00024395926019242647,0.07321514892578122,0.006547647736983533,5.505629363461911,0.47618255153626476,19192.912,14087848.691324528,315522938.72874564,6.525507209380771,0,0,False,2.2947235693708063,0.1793534395805009,,
S-UNIWARD-STC,0.05,500,68.86703625911375,0.46745311446622806,0.003717931873677695,0.999968143153359,2.4229408866889514e-05,0.008490379333496056,0.0009398690761632877,5.957469364549797,0.6301224052765166,2225.702,671598.5406318083,18444516.949042764,5.226228673094495,500,500,True,1.67357043639943,0.055483384166859016,,
S-UNIWARD-STC,0.1,500,65.47579293997903,0.44168671937492654,0.0022718956089657996,0.9999191360763074,5.6501746757499614e-05,0.0185255966186523,0.0019275634431515675,5.453879941567127,0.545704055740486,4856.374,1697616.7217650227,50739292.674478285,5.7120101608976,500,500,True,1.6745374611280859,0.03975219218521585,,
S-UNIWARD-STC,0.2,500,61.95498439297226,0.3985454946713872,0.0012988785046310972,0.9997884317388207,0.0001331471847043296,0.0416320419311523,0.0038914869181877814,4.8445458846142095,0.4372476204440098,10913.59,7091189.294174533,170017833.11502668,6.2506161977545895,500,500,True,1.7137552870530635,0.05546612919519367,,
S-UNIWARD-STC,0.4,500,58.212698594730085,0.3168142274802023,0.0007357641134875148,0.9994194185141403,0.00032377219710516737,0.09839572906494137,0.007298842736061073,4.086873681196062,0.2931881227988123,25793.85,30882597.311015315,719279222.4329516,6.88741273635263,500,500,True,1.7539986518938095,0.05109696713971897,,
WOW-SIM,0.05,500,69.07409123535056,0.8061457431809157,0.010495530193901087,0.99997977884805,1.855170747293183e-05,0.0081915130615234,0.0016111575800891909,6.317788375583995,1.1390766835106452,2147.356,75141.981272934,18967174.420475412,4.791514236988518,0,0,False,2.2716870288494975,0.13232852451500696,,
WOW-SIM,0.1,500,65.69107740877277,0.7166473061020554,0.008437176846319913,0.9999462036279824,4.524112030525887e-05,0.017778717041015583,0.0029677272263762627,5.7794192700438085,0.9493730489896535,4660.584,470258.336377874,37910454.557171166,5.3070956495391295,0,0,False,2.286230730228126,0.1773987352293587,,
WOW-SIM,0.2,500,62.26346475736122,0.6514960248638617,0.001964648921291996,0.9998547673165341,0.0001103339293930537,0.039051437377929654,0.00593950134758073,5.237789957271043,0.7834619037647645,10237.1,1904415.4235676248,79013876.88665845,5.783912413596533,0,0,False,2.288317646684125,0.19160284502518604,,
WOW-SIM,0.4,500,58.74064998102595,0.5817631631169604,0.001349059447358697,0.9995937554744537,0.000271507458463472,0.08768106079101559,0.011799813565282532,4.644411397192554,0.6233459215455283,22985.064,8026270.512927236,202606146.36031526,6.294263176443405,0,0,False,2.3161535911280664,0.1841560101229419,,
WOW-STC,0.05,500,67.99722054992694,0.7220223408787775,0.0008450393506262492,0.9999709085352942,2.458063096193778e-05,0.010457290649414024,0.0017792123641441134,4.914929125311725,0.8057662678693477,2741.316,411059.0652803406,26384098.331109554,5.1746038585432155,500,500,True,1.9582531552761793,0.06481529936070525,,
WOW-STC,0.1,500,64.62536023958081,0.6541265866669519,0.0014599886405850648,0.9999243715308325,5.850970163545968e-05,0.022671371459960902,0.0034496308473803577,4.511743489039635,0.6784269113369014,5943.164,1215678.872254014,51122881.621773615,5.566404157027389,500,500,True,1.972976609196514,0.057397962269501404,,
WOW-STC,0.2,500,61.165470392451915,0.6088987814884232,0.0016954559944369117,0.9997984742496416,0.00014112671139803693,0.05021411132812497,0.007159596932111138,4.0618796265688,0.5659435206068482,13163.328,4293760.99245536,120049200.30784258,6.066388441046677,500,500,True,2.0002184602841733,0.05912321161538888,,
WOW-STC,0.4,500,57.54090349118474,0.5199614597303336,0.0015216361093272697,0.9994392298915457,0.0003570626534729711,0.11536964416503903,0.013811028477993004,3.5170481259627246,0.42195982310505564,30243.46,21724377.454074085,347419377.972423,6.60506769903462,500,500,True,2.124598173217848,1.0889318415337725,,
