n,mean_diff,sd_diff,se_diff,ci_low,ci_high,test,p,shapiro_p,dz,cliffs_delta,power,proposed,baseline,rate,metric,p_holm
500,0.004643285111463939,0.04265531513697133,0.0019076036849588727,0.0009831468928446377,0.00846962640142858,Wilcoxon,0.18099343948589464,4.3688272598478125e-10,0.10885595608785902,0.055704,0.6795,AMDT,AMDT-D,0.05,psnr,0.18099343948589464
500,0.07804984614263417,0.18028307628003856,0.008062504275098923,0.06797014628474861,0.09604055251963227,Wilcoxon,4.7927685559656055e-83,3.30956701280818e-43,0.4329294116403763,0.968684,1.0,AMDT,GA-FT,0.05,psnr,1.5176490706799417e-82
500,0.08664413676590661,0.04775376512479719,0.0021356133000121048,0.08248549897856527,0.09078409045239559,paired t,3.928739019639308e-160,0.32861412839777604,1.8143938292504342,0.929832,1.0,AMDT,LSB,0.05,psnr,5.500234627495031e-159
500,0.0825627040286895,0.041842525641956736,0.0018712546337138656,0.07892712181554315,0.08627778916319136,paired t,2.349070973367921e-174,0.38210560845684105,1.9731768759651886,0.955624,1.0,AMDT,LSB-M,0.05,psnr,3.7585135573886734e-173
500,0.08570282137706974,0.045111662829696975,0.002017454893305059,0.08176909217031697,0.08963950699248162,paired t,7.255235844867548e-168,0.5382136104536478,1.8997930025459322,0.940924,1.0,AMDT,EA-LSB,0.05,psnr,1.0882853767301323e-166
500,7.783701866388246,2.3347068740934307,0.10441126556017907,7.580441842376878,7.990534126433743,Wilcoxon,1.2647189486921487e-83,5.562030456516665e-24,3.333909688089074,1.0,1.0,AMDT,PVD,0.05,psnr,1.5176490706799417e-82
500,-0.030171622214641786,0.025752855192810734,0.001151702696516665,-0.03242293719340196,-0.027896155411156396,paired t,8.438411530112945e-96,0.3552854326852411,-1.1715835773838628,-0.748368,1.0,AMDT,FM-PSO-LSB,0.05,psnr,1.0969934989146828e-94
500,-4.10340162028946,0.7345413420595333,0.03284968746258083,-4.167753896487902,-4.040090367965414,Wilcoxon,1.2647189486921487e-83,4.615373797100784e-05,-5.58634536319521,-1.0,1.0,AMDT,HILL-STC,0.05,psnr,1.5176490706799417e-82
500,-4.630289822523668,0.47038087469910966,0.021036072222860403,-4.671907823203802,-4.589242565598912,Wilcoxon,1.264716101234528e-83,1.7675021229821141e-07,-9.843703414781784,-1.0,1.0,AMDT,S-UNIWARD-STC,0.05,psnr,1.5176490706799417e-82
500,-3.7604741133368593,0.7247224755242757,0.03241057440188416,-3.823681740162053,-3.6970723384141166,Wilcoxon,1.2647132537832822e-83,3.7968178673170477e-05,-5.18884709711324,-1.0,1.0,AMDT,WOW-STC,0.05,psnr,1.5176490706799417e-82
500,-4.963760431129712,0.4239352887430884,0.018958962473810938,-5.000379118917215,-4.9263652743427855,Wilcoxon,1.264716101234528e-83,3.597786655427682e-11,-11.708769151647177,-1.0,1.0,AMDT,MiPOD-STC,0.05,psnr,1.5176490706799417e-82
500,-3.292140363798139,0.6766082558831483,0.030258841085845832,-3.3498900232992046,-3.2325191661091655,Wilcoxon,1.2647132537832822e-83,5.7408500137824384e-06,-4.865652074406108,-1.0,1.0,AMDT,EvoHILL-STC,0.05,psnr,1.5176490706799417e-82
500,-5.2128206523174905,0.8098958070523843,0.03621964158522369,-5.284494716413347,-5.1435171472711145,Wilcoxon,1.264716101234528e-83,0.0022428261989045086,-6.436408988570457,-1.0,1.0,AMDT,HILL-SIM,0.05,psnr,1.5176490706799417e-82
500,-5.756155540709495,0.5381296510483446,0.024065889609046792,-5.8044592945080495,-5.709290883779696,Wilcoxon,1.2647189486921487e-83,0.0003727435114364512,-10.696596126037239,-1.0,1.0,AMDT,S-UNIWARD-SIM,0.05,psnr,1.5176490706799417e-82
500,-4.8373447987604905,0.808196652016845,0.03614365306194815,-4.90649540797062,-4.765884906927172,Wilcoxon,1.2647189486921487e-83,5.177363273181749e-06,-5.9853561465380425,-1.0,1.0,AMDT,WOW-SIM,0.05,psnr,1.5176490706799417e-82
500,-6.180173001525802,0.4860515064477969,0.02173688417966902,-6.22235220601071,-6.138268042043839,Wilcoxon,1.2647075588999514e-83,3.6530299139428535e-08,-12.715057806717377,-1.0,1.0,AMDT,MiPOD-SIM,0.05,psnr,1.5176490706799417e-82
500,0.011695519035809454,0.03181532416942037,0.0014228245513803197,0.008873676039660229,0.01454540018834779,Wilcoxon,1.4785522229410056e-12,5.382872714008578e-11,0.3676064708166866,0.241156,1.0,AMDT,AMDT-D,0.1,psnr,2.957104445882011e-12
500,0.055741003661979,0.02064694271030815,0.0009233593485558554,0.05391977594549228,0.0575623948683111,paired t,1.697903037887287e-231,0.8094659498119667,2.6997219125401,0.989544,1.0,AMDT,GA-FT,0.1,psnr,2.716644860619659e-230
500,0.07666798278772534,0.03235232920393537,0.0014468401466090227,0.0738302149536994,0.07952937867986627,paired t,4.6498462939327205e-207,0.6272164143378653,2.369782475457729,0.98346,1.0,AMDT,LSB,0.1,psnr,6.044800182112536e-206
500,0.07619360138293456,0.030274413914285734,0.0013539129498261679,0.07351641328446598,0.0789103587109939,paired t,3.110052478711027e-218,0.8489788466917256,2.516765530082837,0.988748,1.0,AMDT,LSB-M,0.1,psnr,4.354073470195438e-217
500,0.07656724087485062,0.029739116635302834,0.0013299737277466391,0.07395900620386153,0.0791984814362517,paired t,1.6701004071632375e-222,0.3854365556457133,2.5746306392960867,0.99044,1.0,AMDT,EA-LSB,0.1,psnr,2.5051506107448563e-221
500,7.799796702566864,2.337884943731714,0.10455339315514767,7.5969998776295,8.007752963928663,Wilcoxon,1.2647189486921487e-83,5.3992540183964434e-24,3.3362620018917135,1.0,1.0,AMDT,PVD,0.1,psnr,1.5176559045399387e-82
500,-0.004863948844086337,0.017782000337564545,0.0007952352306143705,-0.006419739415268153,-0.0032943673344254087,paired t,1.934997343086573e-09,0.09948297278824916,-0.27353215339959397,-0.225208,1.0,AMDT,FM-PSO-LSB,0.1,psnr,1.934997343086573e-09
500,-3.703670640467006,0.6945346522989312,0.03106053390539181,-3.764379818560088,-3.6433643356994523,Wilcoxon,1.2647189486921487e-83,2.9603236191390855e-05,-5.3325930221159465,-1.0,1.0,AMDT,HILL-STC,0.1,psnr,1.5176559045399387e-82
500,-4.25778853082748,0.4422623325298313,0.019778572788486385,-4.296953404129129,-4.218738595286185,Wilcoxon,1.2647189486921487e-83,3.517939671457415e-06,-9.627291807719766,-1.0,1.0,AMDT,S-UNIWARD-STC,0.1,psnr,1.5176559045399387e-82
500,-3.4073558304292773,0.6542413982580461,0.02925856480399007,-3.464614651701732,-3.350698279914988,Wilcoxon,1.2647189486921487e-83,0.0011532208531420177,-5.208101840546243,-1.0,1.0,AMDT,WOW-STC,0.1,psnr,1.5176559045399387e-82
500,-4.3600503135349955,0.4679336970279713,0.0209266311103467,-4.400947892047257,-4.319033641789745,Wilcoxon,1.2647189486921487e-83,2.0017590828713762e-10,-9.317666885773281,-1.0,1.0,AMDT,MiPOD-STC,0.1,psnr,1.5176559045399387e-82
500,-2.8830807180912763,0.6457960207137681,0.028880876038296952,-2.9379411154716135,-2.8259714266371327,Wilcoxon,1.2647132537832822e-83,2.664456114304724e-06,-4.464382909799819,-1.0,1.0,AMDT,EvoHILL-STC,0.1,psnr,1.5176559045399387e-82
500,-4.812417804467676,0.7478920998687087,0.033446751502829886,-4.877499833090538,-4.748328183070719,Wilcoxon,1.2647189486921487e-83,0.00011968549101428681,-6.4346418491550965,-1.0,1.0,AMDT,HILL-SIM,0.1,psnr,1.5176559045399387e-82
500,-5.38200944567984,0.4900064610958365,0.02191375512848793,-5.425490441397763,-5.3390915860711425,Wilcoxon,1.264716101234528e-83,8.096188780395769e-07,-10.98354791821248,-1.0,1.0,AMDT,S-UNIWARD-SIM,0.1,psnr,1.5176559045399387e-82
500,-4.473072999621244,0.7166211735382203,0.03204827316294268,-4.535667331062608,-4.410591568602489,Wilcoxon,1.2647189486921487e-83,6.817526531026417e-05,-6.241893436578283,-1.0,1.0,AMDT,WOW-SIM,0.1,psnr,1.5176559045399387e-82
500,-5.5178244923618935,0.5510629072162178,0.024644282408282446,-5.5651869597434604,-5.470241118249251,Wilcoxon,1.264716101234528e-83,2.360469191314432e-09,-10.013057348091282,-1.0,1.0,AMDT,MiPOD-SIM,0.1,psnr,1.5176559045399387e-82
500,0.01377454688496657,0.06625927825842598,0.0029632050065182872,0.006913772965231952,0.018169740550230875,Wilcoxon,6.342439697050791e-38,1.6378605725622339e-40,0.2078885742045478,0.478736,0.9968,AMDT,AMDT-D,0.2,psnr,1.2684879394101582e-37
500,0.04185676857294413,0.06157934753549605,0.002753912141989066,0.035670056598076656,0.04552744890179359,Wilcoxon,2.5680810601760933e-82,1.6990225515876614e-42,0.6797208844867466,0.989664,1.0,AMDT,GA-FT,0.2,psnr,1.5135406493042413e-81
500,0.061486037915179224,0.06494433039966231,0.00290439875053702,0.054753268862388065,0.06567404578000755,Wilcoxon,2.630051605795057e-82,3.8655369133543477e-41,0.946749893898343,0.991884,1.0,AMDT,LSB,0.2,psnr,1.5135406493042413e-81
500,0.059403614281392195,0.06438868217160813,0.0028795494063468914,0.05276594531462823,0.06360721466033016,Wilcoxon,2.677522549746462e-82,4.421992006326613e-41,0.922578507245578,0.98992,1.0,AMDT,LSB-M,0.2,psnr,1.5135406493042413e-81
500,0.06093053449059695,0.06456610657420644,0.0028874840668484335,0.05431251513832095,0.06513468287408981,Wilcoxon,2.522567748840402e-82,3.519989710779247e-41,0.9436922516083405,0.993312,1.0,AMDT,EA-LSB,0.2,psnr,1.5135406493042413e-81
500,7.858609199949264,2.358053566944523,0.10545536140547608,7.655114025950152,8.06662102636736,Wilcoxon,1.2647189486921487e-83,1.4708310906334255e-23,3.3326678028490058,1.0,1.0,AMDT,PVD,0.2,psnr,2.0235457619752448e-82
500,0.002875296645121139,0.06165665069887621,0.002757369244552942,-0.003302620324333323,0.006457056340697947,Wilcoxon,1.5330715877194546e-17,1.0528179266265659e-42,0.046634006429634785,0.334596,0.1801,AMDT,FM-PSO-LSB,0.2,psnr,1.5330715877194546e-17
500,-3.2031228207970535,0.6572328450754601,0.029392346372686333,-3.2610097525660433,-3.1453752540698,Wilcoxon,1.2647189486921487e-83,1.8917123483266064e-05,-4.873649947347484,-1.0,1.0,AMDT,HILL-STC,0.2,psnr,2.0235457619752448e-82
500,-3.7635074092745042,0.40749152131475086,0.018223574838291748,-3.8001033114643477,-3.7275646938929032,Wilcoxon,1.2647189486921487e-83,2.798610725167617e-07,-9.235793169712434,-1.0,1.0,AMDT,S-UNIWARD-STC,0.2,psnr,2.0235457619752448e-82
500,-2.973993408754156,0.6160417364319997,0.027550223992779198,-3.0283963168540624,-2.9201655868839143,Wilcoxon,1.2647189486921487e-83,0.0027332799828646698,-4.82758428995246,-1.0,1.0,AMDT,WOW-STC,0.2,psnr,2.0235457619752448e-82
500,-3.6217243947142377,0.5090866289304434,0.02276704617449365,-3.666923231509562,-3.5775422341599046,Wilcoxon,1.264716101234528e-83,2.0952511617359837e-08,-7.114161301630011,-1.0,1.0,AMDT,MiPOD-STC,0.2,psnr,2.0235457619752448e-82
500,-2.351615969558255,0.6616583652471387,0.02959026165147973,-2.40764073044122,-2.2933945298523133,Wilcoxon,1.2647189486921487e-83,7.66221906117233e-09,-3.554124141814323,-1.0,1.0,AMDT,EvoHILL-STC,0.2,psnr,2.0235457619752448e-82
500,-4.35532724859512,0.7029073286501213,0.03143497137488913,-4.4173202922043355,-4.294685312338548,Wilcoxon,1.2647189486921487e-83,0.00031363208550174544,-6.19616138724743,-1.0,1.0,AMDT,HILL-SIM,0.2,psnr,2.0235457619752448e-82
500,-4.923098669965644,0.44556248890912137,0.019926160268495828,-4.962875474319035,-4.883822638092845,Wilcoxon,1.264716101234528e-83,0.0003045451268730227,-11.049176698018172,-1.0,1.0,AMDT,S-UNIWARD-SIM,0.2,psnr,2.0235457619752448e-82
500,-4.071987773663462,0.657951980985819,0.029424507108298806,-4.1300715651154265,-4.015047298909951,Wilcoxon,1.2647189486921487e-83,0.010325200101978361,-6.1888829144679285,-1.0,1.0,AMDT,WOW-SIM,0.2,psnr,2.0235457619752448e-82
500,-4.758200343745401,0.640312290232734,0.028635636155779354,-4.813779389793677,-4.702640900616096,Wilcoxon,1.2647189486921487e-83,1.5598302315565233e-09,-7.431062024463001,-1.0,1.0,AMDT,MiPOD-SIM,0.2,psnr,2.0235457619752448e-82
500,0.015322556339348864,0.06485749749034543,0.0029005154647786875,0.00883988620317814,0.019387421636510072,Wilcoxon,4.113778353885526e-56,1.4871812719864034e-41,0.23624957687628562,0.65174,0.99955,AMDT,AMDT-D,0.4,psnr,8.227556707771053e-56
500,0.029393375138415563,0.061729819450368144,0.0027606414505962373,0.023341228299979002,0.0328517460067334,Wilcoxon,2.5680867498435383e-82,3.1428454283388335e-43,0.47616168976564643,0.994148,1.0,AMDT,GA-FT,0.4,psnr,1.5135372956899185e-81
500,0.045809645415634224,0.0632536090094539,0.002828787391346641,0.03945799838205763,0.049583654045528155,Wilcoxon,2.5225621594831975e-82,1.8276750912292606e-42,0.7242218449351642,0.994032,1.0,AMDT,LSB,0.4,psnr,1.5135372956899185e-81
500,0.04693140476507212,0.0620614862545385,0.002775474040996338,0.040794824186858564,0.050640677776266116,Wilcoxon,2.522567748840402e-82,2.136587961041079e-42,0.7562081992781806,0.995856,1.0,AMDT,LSB-M,0.4,psnr,1.5135372956899185e-81
500,0.04624424378012422,0.06242294295963798,0.0027916388762668485,0.040013209007247676,0.04988915678768474,Wilcoxon,2.5225621594831975e-82,1.0986146713332426e-42,0.74082126839206,0.995,1.0,AMDT,EA-LSB,0.4,psnr,1.5135372956899185e-81
500,8.054245294842099,2.2921025117118585,0.10250594055171447,7.856463752254475,8.257104843383814,Wilcoxon,1.2647189486921487e-83,9.763305721365389e-21,3.513911464992366,1.0,1.0,AMDT,PVD,0.4,psnr,2.023550317907438e-82
500,0.005765195361730377,0.061426304160363765,0.00274706783418303,-0.0001261059151183275,0.00910370632260001,Wilcoxon,1.1866386056706167e-53,1.9198331868454514e-43,0.0938554816301394,0.6566,0.5487,AMDT,FM-PSO-LSB,0.4,psnr,1.1866386056706167e-53
500,-2.4921071679105653,0.6276503580160337,0.02806937733251863,-2.5467800710451582,-2.436824532561237,Wilcoxon,1.2647189486921487e-83,7.125064734202942e-09,-3.9705341295239136,-1.0,1.0,AMDT,HILL-STC,0.4,psnr,2.023550317907438e-82
500,-3.046254739228212,0.3243227409127172,0.014504153906597756,-3.0745826394728324,-3.0174765308036546,Wilcoxon,1.2647189486921487e-83,6.883279923454337e-11,-9.392664636020791,-1.0,1.0,AMDT,S-UNIWARD-STC,0.4,psnr,2.023550317907438e-82
500,-2.374459635682865,0.5255007534297668,0.023501108137926285,-2.4212779443103827,-2.327398232995343,Wilcoxon,1.2647189486921487e-83,4.115991902820635e-05,-4.518470468758732,-1.0,1.0,AMDT,WOW-STC,0.4,psnr,2.023550317907438e-82
500,-2.686698286837316,0.48895656113736835,0.02186680217495375,-2.7292835337139474,-2.643264103491208,Wilcoxon,1.2647189486921487e-83,6.199202648785018e-09,-5.494758635793231,-1.0,1.0,AMDT,MiPOD-STC,0.4,psnr,2.023550317907438e-82
500,-1.6423925033171691,0.5698291417465804,0.02548353393011434,-1.6909601156066343,-1.5921329826828772,Wilcoxon,1.2647189486921487e-83,0.0004494849694427492,-2.8822543162378116,-1.0,1.0,AMDT,EvoHILL-STC,0.4,psnr,2.023550317907438e-82
500,-3.7769551581857477,0.6479714118105075,0.028978162485696096,-3.8344704371154394,-3.720157022425872,Wilcoxon,1.2647189486921487e-83,7.999713528275065e-06,-5.82889165994607,-1.0,1.0,AMDT,HILL-SIM,0.4,psnr,2.023550317907438e-82
500,-4.335267109815908,0.3888844654191606,0.017391442001418185,-4.370064532249228,-4.3008876356827805,Wilcoxon,1.2647189486921487e-83,6.689935623771821e-08,-11.147956514907646,-1.0,1.0,AMDT,S-UNIWARD-SIM,0.4,psnr,2.023550317907438e-82
500,-3.574206125524083,0.5868290842721969,0.0262437944721317,-3.626236281373223,-3.523284728364804,Wilcoxon,1.2647189486921487e-83,0.0014770427227040045,-6.090710602656855,-1.0,1.0,AMDT,WOW-SIM,0.4,psnr,2.023550317907438e-82
500,-3.8390149178389463,0.6895687390732773,0.030838451514533266,-3.899037351653782,-3.77810303548169,Wilcoxon,1.2647189486921487e-83,5.7492199282028046e-09,-5.567269367515501,-1.0,1.0,AMDT,MiPOD-SIM,0.4,psnr,2.023550317907438e-82
500,483148800.1549597,2036370824.3975952,91069271.8150062,314356397.84926665,671125191.0961663,Wilcoxon,2.54628913296016e-78,1.0994989587594182e-40,0.23725973401621783,0.559704,0.99955,AMDT,AMDT-D,0.05,hill_distortion,3.81943369944024e-77
500,-442041013.641388,3116265225.9524713,139363617.62296933,-731624046.0641896,-195541255.9609714,Wilcoxon,0.00016856296328036284,5.524829793613865e-41,-0.1418496121447045,-0.032464,0.88765,AMDT,GA-FT,0.05,hill_distortion,0.0005056888898410885
500,-448547781.9273976,3207138689.404378,143427602.45555547,-745470080.4815124,-195355087.52581927,Wilcoxon,0.00041952009127536367,4.825507249637892e-41,-0.13985917834152062,-0.017024,0.87835,AMDT,LSB,0.05,hill_distortion,0.0008390401825507273
500,-63776422.10147356,740805275.0678306,33129819.062841985,-129348852.352124,325705.2178825629,Wilcoxon,5.6366706167738224e-14,7.385500786093404e-37,-0.08609066950236549,-0.213656,0.4879,AMDT,LSB-M,0.05,hill_distortion,2.8183353083869115e-13
500,418510361.1302916,1978987840.0321944,88503026.73914932,254344631.1478221,600214821.9908986,Wilcoxon,3.0390582441460787e-09,1.6894630303940579e-40,0.21147697457478223,0.042336,0.99745,AMDT,EA-LSB,0.05,hill_distortion,1.2156232976584315e-08
500,294502278.7549031,1898156049.7149937,84888119.18130392,136467974.0268819,468850209.826322,Wilcoxon,0.5723399287828326,4.473200064492355e-40,0.15515177416478604,0.017008,0.93375,AMDT,PVD,0.05,hill_distortion,0.5723399287828326
500,476743848.46025294,2041526843.8035793,91299856.01270796,307069073.9935594,664894188.8323127,Wilcoxon,2.8172546758784944e-23,2.0398565695561896e-40,0.23352318384020315,0.185904,0.9995,AMDT,FM-PSO-LSB,0.05,hill_distortion,1.6903528055270968e-22
500,501106395.34939647,2057693340.0337949,92022843.70328309,330235988.7933047,690701872.8592242,Wilcoxon,8.362864123150153e-67,1.5727897852593166e-40,0.24352821948734424,0.607352,0.9998,AMDT,HILL-STC,0.05,hill_distortion,1.1708009772410215e-65
500,484268242.0743274,2034669066.8694832,90993166.90472458,315807582.1426304,671347359.4818231,Wilcoxon,1.2606195148318544e-27,1.4842461592923267e-40,0.23800835721133587,0.238448,0.99955,AMDT,S-UNIWARD-STC,0.05,hill_distortion,1.0084956118654835e-26
500,476328660.6922605,2033085680.9917765,90922355.73558128,307691376.9155633,663917131.1295716,Wilcoxon,2.5229924803401124e-24,1.8738516392788174e-40,0.23428853252259327,0.261464,0.9995,AMDT,WOW-STC,0.05,hill_distortion,1.7660947362380786e-23
500,492857937.9095119,2045268620.5327227,91467193.35516779,323593190.8103507,681296801.5934641,Wilcoxon,3.4448061765097145e-37,1.412651926382657e-40,0.2409746734300061,0.309104,0.9996,AMDT,MiPOD-STC,0.05,hill_distortion,4.1337674118116575e-36
500,479416406.8697878,2033193803.179496,90927191.10681362,310978501.15256613,667317473.3026878,Wilcoxon,1.5216459292431704e-28,1.7230183773725563e-40,0.23579474131786127,0.273576,0.99955,AMDT,EvoHILL-STC,0.05,hill_distortion,1.3694813363188532e-27
500,502712088.6685991,2063540855.3269906,92284352.5371842,331394131.58093643,692837472.5353264,Wilcoxon,1.2647189486921487e-83,1.5677119354166461e-40,0.24361625182794788,0.982944,0.9998,AMDT,HILL-SIM,0.05,hill_distortion,2.023550317907438e-82
500,490754139.06109226,2049419160.253983,91652811.13436882,320896066.8837871,679508371.0758978,Wilcoxon,1.3720395743482671e-31,1.5054385921502313e-40,0.23946011073707024,0.318016,0.9996,AMDT,S-UNIWARD-SIM,0.05,hill_distortion,1.5092435317830939e-30
500,483745584.6028948,2041822057.407794,91313058.36644611,314428304.47091055,671878560.7435889,Wilcoxon,5.6442263862657286e-30,1.8190592596597838e-40,0.23691858105257055,0.363984,0.99955,AMDT,WOW-SIM,0.05,hill_distortion,5.644226386265729e-29
500,497238618.4129609,2056022370.7568157,91948115.6854503,326676282.62002957,686436684.3720815,Wilcoxon,5.4722843589925205e-47,1.4602224268692558e-40,0.24184494560238118,0.445,0.99965,AMDT,MiPOD-SIM,0.05,hill_distortion,7.113969666690277e-46
500,1046790762.7041785,4187385380.519696,187265567.1766173,704260662.1728009,1433200635.755672,Wilcoxon,4.4853284215935146e-83,2.0823332363742097e-40,0.24998672622156914,0.568184,0.9999,AMDT,AMDT-D,0.1,hill_distortion,6.727992632390272e-82
500,-779993052.2012331,5310791964.812857,237505836.95362437,-1276333554.641755,-350149838.08204037,Wilcoxon,0.1795742054344296,1.6520852018441431e-40,-0.1468694419531304,0.026232,0.9074,AMDT,GA-FT,0.1,hill_distortion,0.3591484108688592
500,-782265989.5986918,5350794668.124336,239294812.23138884,-1280953815.1404998,-349409004.736098,Wilcoxon,0.20719342522443518,1.6425440127565445e-40,-0.14619622656402675,0.039888,0.90495,AMDT,LSB,0.1,hill_distortion,0.3591484108688592
500,-53489008.94492729,1197996418.532429,53576028.572795995,-163897361.3219245,50074463.656618044,Wilcoxon,4.563889320751206e-09,5.44752886491296e-36,-0.04464872191392063,-0.149296,0.17145,AMDT,LSB-M,0.1,hill_distortion,1.8255557283004824e-08
500,920669428.7497413,4040962216.699033,180717324.22094545,595520577.103037,1292012138.2826278,Wilcoxon,3.105558539006078e-17,3.150051298327347e-40,0.22783420863108553,0.10192,0.99915,AMDT,EA-LSB,0.1,hill_distortion,1.5527792695030388e-16
500,638777877.7697085,3908487933.1371875,174792894.15464807,319958075.847681,999566699.6004827,Wilcoxon,0.013128789245311624,7.492760894599184e-40,0.16343350387600838,0.08352,0.9554,AMDT,PVD,0.1,hill_distortion,0.039386367735934874
500,1004624366.751263,4139750026.418667,185135249.37857378,666920172.2719197,1385660403.0501375,Wilcoxon,2.65623392612077e-32,2.8507437083060195e-40,0.24267754341205286,0.211168,0.9997,AMDT,FM-PSO-LSB,0.1,hill_distortion,1.5937403556724617e-31
500,1070623092.195642,4220628490.260558,188752244.23989832,724509321.7206019,1460193499.8039384,Wilcoxon,1.0424156579825558e-76,2.5892482183160608e-40,0.25366437597296027,0.65096,1.0,AMDT,HILL-STC,0.1,hill_distortion,1.4593819211755782e-75
500,1021460720.8742695,4143526085.0971265,185304119.85641506,684319493.4485562,1402841262.249414,Wilcoxon,1.2471106220892614e-39,2.1376286163531498e-40,0.24651967910812028,0.248808,0.9999,AMDT,S-UNIWARD-STC,0.1,hill_distortion,1.1223995598803353e-38
500,1021077131.9269743,4152357880.435722,185699089.75122437,681774074.3372475,1403901180.808011,Wilcoxon,7.82460469716284e-36,2.740462896577251e-40,0.24590296918719082,0.303768,0.99985,AMDT,WOW-STC,0.1,hill_distortion,5.477223288013988e-35
500,1048254643.6978496,4183256028.3630185,187080896.93410996,706914966.6728991,1433450934.04192,Wilcoxon,8.524182271944845e-49,2.2571128922494653e-40,0.2505834298906276,0.341896,0.99995,AMDT,MiPOD-STC,0.1,hill_distortion,1.0229018726333814e-47
500,1026362193.023773,4151853244.9104505,185676521.764457,687570854.7526273,1408540182.6167972,Wilcoxon,2.685422026524999e-42,2.5430978764596404e-40,0.24720579762349237,0.306384,0.9999,AMDT,EvoHILL-STC,0.1,hill_distortion,2.685422026524999e-41
500,1072198320.5519258,4226533177.811556,189016309.8948969,725714985.7470714,1462284453.1918385,Wilcoxon,1.2647189486921487e-83,2.586122772198411e-40,0.25368269346157035,0.97396,1.0,AMDT,HILL-SIM,0.1,hill_distortion,2.023550317907438e-82
500,1041664946.5552835,4181289978.069373,186992972.49203447,700353006.05315,1427468311.2631078,Wilcoxon,6.129043219134701e-46,2.3061689581804837e-40,0.24912525847734948,0.332632,0.9999,AMDT,S-UNIWARD-SIM,0.1,hill_distortion,6.741947541048171e-45
500,1034289558.9915768,4176962124.795868,186799425.0097104,692695904.4558303,1419569671.8835275,Wilcoxon,1.0672399089452165e-38,2.687518638154e-40,0.24761765323455584,0.358568,0.9999,AMDT,WOW-SIM,0.1,hill_distortion,8.537919271561732e-38
500,1058529700.990112,4204215992.9513245,188018255.04661876,714958909.3847665,1445731412.8420563,Wilcoxon,6.239513507529513e-54,2.382751996526417e-40,0.2517781443115231,0.414312,0.99995,AMDT,MiPOD-SIM,0.1,hill_distortion,8.111367559788367e-53
500,1974692368.59583,7399692689.286819,330924317.31707114,1359614298.113509,2654446412.2899265,Wilcoxon,4.2245361506790755e-83,5.675698886369231e-40,0.26686140242753115,0.507504,1.0,AMDT,AMDT-D,0.2,hill_distortion,6.336804226018613e-82
500,-1504672124.7703617,9924016522.203386,443815511.0695564,-2434184086.436697,-706035834.8559109,Wilcoxon,0.001126810006164866,1.3261515203128455e-40,-0.1516192684085018,0.016816,0.9242,AMDT,GA-FT,0.2,hill_distortion,0.0033804300184945976
500,-1523575134.7616172,10086100773.98006,451064139.1706531,-2468177490.78443,-712586570.531704,Wilcoxon,0.0018504732534760397,1.1867841062145128e-40,-0.15105690185964715,0.022664,0.92235,AMDT,LSB,0.2,hill_distortion,0.0037009465069520794
500,-129735088.98503155,1930771353.9634874,86346719.92943332,-299760009.8264243,36065009.00634264,Wilcoxon,7.58963022652916e-08,1.11686990752972e-34,-0.06719339849263423,-0.147328,0.3234,AMDT,LSB-M,0.2,hill_distortion,3.035852090611664e-07
500,1861436266.9947934,7855964067.925429,351329393.6935407,1215070012.9580166,2581502267.0046234,Wilcoxon,6.559676827045311e-24,2.4996150549236537e-40,0.23694561875540168,0.08448,0.99955,AMDT,EA-LSB,0.2,hill_distortion,3.2798384135226556e-23
500,1317353165.056227,7660844387.178373,342603376.2955712,684039291.0945953,2016880760.718888,Wilcoxon,0.005830816238011244,5.2241190005353334e-40,0.17195926434180342,0.075928,0.96985,AMDT,PVD,0.2,hill_distortion,0.005830816238011244
500,1988558766.6119785,8054420450.6962385,360204632.9424256,1322759761.7661824,2734857136.7191,Wilcoxon,4.3175479196739245e-32,2.917819985799262e-40,0.24689036024188232,0.18176,0.9999,AMDT,FM-PSO-LSB,0.2,hill_distortion,2.590528751804355e-31
500,2128808476.5801501,8255854569.007495,369213040.57305974,1441999764.4784877,2890649148.7432094,Wilcoxon,1.9097697746032343e-79,3.164674925390572e-40,0.2578544060807108,0.689696,1.0,AMDT,HILL-STC,0.2,hill_distortion,2.673677684444528e-78
500,1960183798.6305943,7917907647.018601,354099594.76598006,1303705308.9979277,2695121706.544135,Wilcoxon,3.283724114235402e-33,2.214473546666383e-40,0.2475633571412871,0.171912,0.9999,AMDT,S-UNIWARD-STC,0.2,hill_distortion,2.2986068799647815e-32
500,2010152431.4377785,8063355229.320658,360604208.3897879,1342863892.4122841,2750974427.659123,Wilcoxon,3.0712968179341383e-35,2.9977341007223424e-40,0.24929478787295534,0.239472,0.9999,AMDT,WOW-STC,0.2,hill_distortion,2.4570374543473106e-34
500,2057733633.4337962,8131521136.012569,363652680.41200835,1384303428.1458786,2808686954.3610053,Wilcoxon,1.9255417560161035e-44,2.5540022673878824e-40,0.25305642068869305,0.278984,0.99995,AMDT,MiPOD-STC,0.2,hill_distortion,2.3106501072193242e-43
500,2013029802.9492865,8038273895.56559,359482537.0449341,1351183416.032266,2752419198.22759,Wilcoxon,1.1294682621418573e-38,2.8096337082924615e-40,0.250430606011049,0.251488,0.99995,AMDT,EvoHILL-STC,0.2,hill_distortion,1.1294682621418573e-37
500,2130197204.9825447,8260881580.578322,369437855.3649807,1442968349.2293754,2892528251.101804,Wilcoxon,1.2647189486921487e-83,3.1642609653691797e-40,0.25786560238204204,0.962128,1.0,AMDT,HILL-SIM,0.2,hill_distortion,2.023550317907438e-82
500,2040723452.8241246,8110457800.965047,362710699.4320261,1369187263.7865388,2790455932.8300056,Wilcoxon,9.830857239830638e-40,2.5747020960077438e-40,0.2516163085863418,0.25492,0.99995,AMDT,S-UNIWARD-SIM,0.2,hill_distortion,1.0813942963813702e-38
500,2051187754.8589628,8143998104.650493,364210667.4125589,1376425944.488583,2799431820.289838,Wilcoxon,3.537126934403874e-38,3.1579149462509176e-40,0.2518649597533264,0.313744,0.99995,AMDT,WOW-SIM,0.2,hill_distortion,3.1834142409634863e-37
500,2093297471.5463183,8202691856.108335,366835531.77484316,1412515764.4186077,2850555798.66906,Wilcoxon,1.0406891252241378e-50,2.8473696855255056e-40,0.2551964048225819,0.35644,1.0,AMDT,MiPOD-SIM,0.2,hill_distortion,1.3528958627913791e-49
500,3418504130.6531777,11038509590.398697,493657156.2882969,2493925485.3566804,4414979900.920318,Wilcoxon,1.2647189486921487e-83,6.182226607951538e-39,0.30968892155754385,0.493272,1.0,AMDT,AMDT-D,0.4,hill_distortion,2.023550317907438e-82
500,-2247815575.425415,20345504206.857426,909878608.8608229,-4150312816.8330016,-651735973.4976257,Wilcoxon,0.14799894361364863,6.93692344912925e-42,-0.11048217594272211,0.054744,0.70145,AMDT,GA-FT,0.4,hill_distortion,0.2849391969508888
500,-2261847097.433947,20477867617.215366,915798080.526704,-4180391429.114494,-656045252.3386416,Wilcoxon,0.11019856368752544,7.091853657376064e-42,-0.11045325322507964,0.058528,0.70105,AMDT,LSB,0.4,hill_distortion,0.2849391969508888
500,-37939131.65927527,3182699921.3144507,142334667.52084687,-327390109.953993,228705632.0212958,Wilcoxon,0.09497973231696294,1.1424416826883708e-35,-0.011920423727413944,-0.067368,0.05735,AMDT,LSB-M,0.4,hill_distortion,0.2849391969508888
500,3846612732.8022223,16157553751.9503,722587770.7893529,2536393154.7044897,5328013935.784584,Wilcoxon,1.3008273367297864e-40,1.0997002064054337e-40,0.23806900424749733,0.1582,0.99955,AMDT,EA-LSB,0.4,hill_distortion,6.504136683648932e-40
500,2981887743.3311877,16291919558.585379,728596792.3391055,1645111813.9439871,4491098610.609762,Wilcoxon,1.1938463758287225e-09,2.1104656959304014e-40,0.18302863162369457,0.140096,0.98355,AMDT,PVD,0.4,hill_distortion,4.77538550331489e-09
500,4040354018.7711854,16459873214.466164,736107908.1714863,2699933521.394467,5563940048.980061,Wilcoxon,3.7608082662957915e-49,1.6106074267669868e-40,0.24546689796007792,0.223512,0.99985,AMDT,FM-PSO-LSB,0.4,hill_distortion,2.2564849597774747e-48
500,4474478603.595925,17293589480.229713,773392833.0553778,3050249616.9556365,6064983929.366852,Wilcoxon,1.2852378151329521e-82,2.6388725781095868e-40,0.2587362565019376,0.71996,1.0,AMDT,HILL-STC,0.4,hill_distortion,1.799332941186133e-81
500,3758867649.191103,15227654227.207943,681001399.7979797,2513322997.0951695,5166489321.040602,Wilcoxon,1.9074497658052513e-49,1.5298926660100495e-40,0.24684482541473546,0.1794,0.9999,AMDT,S-UNIWARD-STC,0.4,hill_distortion,1.335214836063676e-48
500,4130727493.651632,16667145551.586554,745377408.8846152,2768756494.154988,5658363008.022197,Wilcoxon,1.5626110236970577e-52,1.7450796622434277e-40,0.2478365285085319,0.257584,0.9999,AMDT,WOW-STC,0.4,hill_distortion,1.2500888189576462e-51
500,4200786953.79528,16719341399.945345,747711678.1860858,2832919346.987679,5736599558.883462,Wilcoxon,1.5118008045848004e-58,1.7563099789689179e-40,0.25125313571316943,0.27292,0.99995,AMDT,MiPOD-STC,0.4,hill_distortion,1.8141609655017603e-57
500,4114413186.2024503,16603949932.242575,742551214.8699485,2759303307.6368976,5638775771.663062,Wilcoxon,1.903087990458875e-57,1.5591842239861548e-40,0.24779725324350857,0.281864,0.9999,AMDT,EvoHILL-STC,0.4,hill_distortion,1.9030879904588748e-56
500,4478134503.326526,17308487295.66551,774059083.6159915,3052333409.9606705,6070104434.353206,Wilcoxon,1.2647189486921487e-83,2.637998531919946e-40,0.2587247762805919,0.932512,1.0,AMDT,HILL-SIM,0.4,hill_distortion,2.023550317907438e-82
500,4162623932.8953085,16666187171.39525,745334548.8194944,2794145367.4569716,5694370040.414876,Wilcoxon,4.401938971587533e-56,1.6700045882511873e-40,0.24976462163102087,0.265192,0.9999,AMDT,S-UNIWARD-SIM,0.4,hill_distortion,3.9617450744287796e-55
500,4275540725.263739,16947649622.688978,757921932.3036243,2891231223.362409,5834553023.002877,Wilcoxon,7.291515428347162e-58,2.144488675564638e-40,0.2522792729641862,0.339032,0.99995,AMDT,WOW-SIM,0.4,hill_distortion,8.020666971181878e-57
500,4361861871.60261,17107015326.819082,765048983.257965,2962818417.5735826,5934923980.3535385,Wilcoxon,3.848208799704941e-65,2.18956091107354e-40,0.254975037332457,0.393496,1.0,AMDT,MiPOD-SIM,0.4,hill_distortion,5.002671439616423e-64
500,-0.004643285111463939,0.04265531513697133,0.0019076036849588727,-0.008469626401428582,-0.000983146892844638,Wilcoxon,0.18099343948589464,4.368827259847272e-10,-0.10885595608785902,-0.055704,0.68715,AMDT-D,AMDT,0.05,psnr,0.18099343948589464
500,0.07340656103117024,0.1804326574368095,0.00806919374779278,0.0625945962090701,0.0918242897435764,Wilcoxon,5.789160387054034e-74,1.4020915546639867e-42,0.4068363348075081,0.87626,1.0,AMDT-D,GA-FT,0.05,psnr,1.7367481161162102e-73
500,0.08200085165444267,0.053487839671070084,0.0023920489094824537,0.07725529588676601,0.08665270896652512,paired t,2.9374243092005777e-133,0.13750188481276882,1.5330746606839383,0.862928,1.0,AMDT-D,LSB,0.05,psnr,4.6998788947209243e-132
500,0.07791941891722555,0.05036250223173264,0.002252279570142781,0.07351129004416877,0.08236041441602314,Wilcoxon,5.874762051433483e-78,0.004405660515138554,1.5471713172370873,0.877984,1.0,AMDT-D,LSB-M,0.05,psnr,2.9373810257167416e-77
500,0.0810595362656058,0.05259916797246251,0.002352306302927119,0.0764240922022669,0.08564444565481949,Wilcoxon,2.746152755526952e-77,0.014908694667824386,1.541080199368235,0.869588,1.0,AMDT-D,EA-LSB,0.05,psnr,1.0984611022107807e-76
500,7.779058581276782,2.338557699234911,0.10458347969589538,7.575503271258723,7.986274072206374,Wilcoxon,1.2647189486921487e-83,3.648202008438633e-24,3.3264343162547583,1.0,1.0,AMDT-D,PVD,0.05,psnr,1.8970698806749232e-82
500,-0.034814907326105725,0.03872598280762053,0.0017318786010665534,-0.038227822081180064,-0.03138440402547456,Wilcoxon,2.6866616959036097e-57,2.215269857294069e-07,-0.8990064241637482,-0.6888,1.0,AMDT-D,FM-PSO-LSB,0.05,psnr,5.373323391807219e-57
500,-4.108044905400924,0.7229945876700951,0.032333300907895275,-4.1711703118171375,-4.046221063333167,Wilcoxon,1.2647189486921487e-83,4.3580600545366596e-05,-5.681985695964074,-1.0,1.0,AMDT-D,HILL-STC,0.05,psnr,1.8970698806749232e-82
500,-4.634933107635133,0.4638151203830256,0.020742442763373867,-4.6760998584687865,-4.594034823454465,Wilcoxon,1.2647132537832822e-83,3.0414806374699433e-07,-9.99306168330074,-1.0,1.0,AMDT-D,S-UNIWARD-STC,0.05,psnr,1.8970698806749232e-82
500,-3.765117398448323,0.7089309079396684,0.03170435403007488,-3.8266209830936355,-3.7030627038718715,Wilcoxon,1.264716101234528e-83,0.00012372844035051588,-5.3109793299754715,-1.0,1.0,AMDT-D,WOW-STC,0.05,psnr,1.8970698806749232e-82
500,-4.968403716241175,0.4120153541314683,0.018425886792232237,-5.003962914423766,-4.932013755141233,Wilcoxon,1.2647189486921487e-83,5.96183642208451e-11,-12.058782922579695,-1.0,1.0,AMDT-D,MiPOD-STC,0.05,psnr,1.8970698806749232e-82
500,-3.2967836489096025,0.6618200543214874,0.029597492606708985,-3.353088929808159,-3.2389148502644702,Wilcoxon,1.2647189486921487e-83,9.307176775438755e-06,-4.981389771105589,-1.0,1.0,AMDT-D,EvoHILL-STC,0.05,psnr,1.8970698806749232e-82
500,-5.217463937428954,0.7976954381369007,0.03567402450031176,-5.28813523360617,-5.148975162958092,Wilcoxon,1.2647189486921487e-83,0.0020035062117626677,-6.540671649840289,-1.0,1.0,AMDT-D,HILL-SIM,0.05,psnr,1.8970698806749232e-82
500,-5.760798825820959,0.5296326745704081,0.023685893268889133,-5.807819785633328,-5.71452318174348,Wilcoxon,1.2647189486921487e-83,0.0007968155394330341,-10.876970214297328,-1.0,1.0,AMDT-D,S-UNIWARD-SIM,0.05,psnr,1.8970698806749232e-82
500,-4.841988083871953,0.7928232267861643,0.03545613258469191,-4.909618733922991,-4.772058466774425,Wilcoxon,1.264716101234528e-83,6.341385958782101e-06,-6.10727324866569,-1.0,1.0,AMDT-D,WOW-SIM,0.05,psnr,1.8970698806749232e-82
500,-6.184816286637266,0.4724235637861072,0.021127424055968874,-6.2256995639872645,-6.143975483721593,Wilcoxon,1.2647132537832822e-83,7.359915668972787e-08,-13.09167611596419,-1.0,1.0,AMDT-D,MiPOD-SIM,0.05,psnr,1.8970698806749232e-82
500,-0.011695519035809454,0.03181532416942037,0.0014228245513803197,-0.01454540018834779,-0.00887367603966023,Wilcoxon,1.4785522229410056e-12,5.382872714008637e-11,-0.3676064708166866,-0.241156,1.0,AMDT-D,AMDT,0.1,psnr,1.4785522229410056e-12
500,0.04404548462616954,0.031218980564527765,0.0013961552546105768,0.0412956428946886,0.04672441124469736,Wilcoxon,1.2173375419742928e-71,3.5054386887780784e-10,1.4108559546052493,0.827936,1.0,AMDT-D,GA-FT,0.1,psnr,3.652012625922879e-71
500,0.06497246375191588,0.04006653448326686,0.001791829894548482,0.061506784000527025,0.06843125890909482,Wilcoxon,2.7302147916853584e-78,0.0012794037440702923,1.6216142621231837,0.8839,1.0,AMDT-D,LSB,0.1,psnr,1.3651073958426793e-77
500,0.0644980823471251,0.0397735475987852,0.0017787271227441448,0.06099293945497889,0.068002353267116,Wilcoxon,1.327117952996564e-76,1.752182485302747e-07,1.621632623716348,0.889616,1.0,AMDT-D,LSB-M,0.1,psnr,5.308471811986256e-76
500,0.06487172183904116,0.038124112605653605,0.0017049621473619618,0.061499205531122474,0.06822172167153978,Wilcoxon,1.748819922071843e-78,3.0913609414472906e-05,1.7015929658496767,0.895472,1.0,AMDT-D,EA-LSB,0.1,psnr,1.0492919532431057e-77
500,7.788101183531055,2.3386773043116067,0.10458882859753428,7.585127328476607,7.995729814472458,Wilcoxon,1.2647189486921487e-83,4.2413828309486794e-24,3.3301307406425167,1.0,1.0,AMDT-D,PVD,0.1,psnr,2.0235457619752448e-82
500,-0.016559467879895793,0.03014104523517732,0.0013479485211750524,-0.01918279003143346,-0.013916519830270535,Wilcoxon,7.002902386417043e-29,5.821703435909869e-11,-0.5493992577460253,-0.412116,1.0,AMDT-D,FM-PSO-LSB,0.1,psnr,1.4005804772834087e-28
500,-3.715366159502816,0.6869586893010402,0.030721726540225668,-3.775351259801823,-3.6556729562543975,Wilcoxon,1.2647189486921487e-83,4.026550710962809e-05,-5.408427344129076,-1.0,1.0,AMDT-D,HILL-STC,0.1,psnr,2.0235457619752448e-82
500,-4.269484049863289,0.43852130252154475,0.019611268840398478,-4.3083240338499404,-4.230872887924942,Wilcoxon,1.264716101234528e-83,4.532331547217895e-06,-9.736092694501489,-1.0,1.0,AMDT-D,S-UNIWARD-STC,0.1,psnr,2.0235457619752448e-82
500,-3.4190513494650867,0.6433989591479922,0.028773676186150413,-3.475011010552013,-3.3629324607270443,Wilcoxon,1.2647189486921487e-83,0.0016212571406517924,-5.3140455091700725,-1.0,1.0,AMDT-D,WOW-STC,0.1,psnr,2.0235457619752448e-82
500,-4.371745832570805,0.4589357922047094,0.020524232573548965,-4.4115978009210615,-4.331316708059263,Wilcoxon,1.264716101234528e-83,1.3092628001749803e-10,-9.525833257783427,-1.0,1.0,AMDT-D,MiPOD-STC,0.1,psnr,2.0235457619752448e-82
500,-2.8947762371270858,0.6337180477923507,0.028340732668643134,-2.948470770255314,-2.8386938172264307,Wilcoxon,1.2647189486921487e-83,1.0027117074533218e-05,-4.567924563946791,-1.0,1.0,AMDT-D,EvoHILL-STC,0.1,psnr,2.0235457619752448e-82
500,-4.824113323503485,0.739092022057588,0.03305320005897081,-4.88821407951432,-4.760908589231079,Wilcoxon,1.264716101234528e-83,0.00013337858687340398,-6.527080768743034,-1.0,1.0,AMDT-D,HILL-SIM,0.1,psnr,2.0235457619752448e-82
500,-5.393704964715649,0.48431884392002006,0.02165939715578551,-5.436463601577227,-5.351280572662532,Wilcoxon,1.2647189486921487e-83,1.607423065005338e-06,-11.136682027607334,-1.0,1.0,AMDT-D,S-UNIWARD-SIM,0.1,psnr,2.0235457619752448e-82
500,-4.484768518657054,0.7053696641220896,0.031545090364863734,-4.546251268942894,-4.4233452699391895,Wilcoxon,1.2647189486921487e-83,0.0001226267029502429,-6.358039970770282,-1.0,1.0,AMDT-D,WOW-SIM,0.1,psnr,2.0235457619752448e-82
500,-5.529520011397702,0.5408426773744255,0.024187219834844054,-5.575859006592772,-5.482575165016179,Wilcoxon,1.2647189486921487e-83,3.089317965149365e-09,-10.223897341536187,-1.0,1.0,AMDT-D,MiPOD-SIM,0.1,psnr,2.0235457619752448e-82
500,-0.01377454688496657,0.06625927825842598,0.0029632050065182872,-0.018169740550230875,-0.006913772965231952,Wilcoxon,6.342439697050791e-38,1.6378605725622339e-40,-0.2078885742045478,-0.478736,0.9966,AMDT-D,AMDT,0.2,psnr,1.2684879394101582e-37
500,0.028082221687977565,0.024849168992050787,0.0011112886210121098,0.025917979605537572,0.03018938500343022,Wilcoxon,2.744878759232639e-61,4.2504380013588955e-13,1.130107075088146,0.736296,1.0,AMDT-D,GA-FT,0.2,psnr,8.234636277697916e-61
500,0.047711491030212654,0.029955398449176784,0.0013396461445090212,0.044994496591573147,0.05030253769799027,Wilcoxon,3.4240796015374426e-76,4.6341836736116636e-08,1.5927510065059352,0.857144,1.0,AMDT-D,LSB,0.2,psnr,2.0544477609224656e-75
500,0.045629067396425624,0.03068573349476485,0.0013723077206747277,0.04292337420567661,0.048296971336498074,Wilcoxon,5.904203901816997e-75,3.0972203410891195e-06,1.486979850235947,0.843872,1.0,AMDT-D,LSB-M,0.2,psnr,2.3616815607267987e-74
500,0.04715598760563039,0.029785234475329155,0.0013320361802521255,0.04454242615763847,0.04967266013527787,Wilcoxon,3.6694675055440833e-75,7.543402417114872e-09,1.5832001471967352,0.8557,1.0,AMDT-D,EA-LSB,0.2,psnr,1.8347337527720415e-74
500,7.844834653064297,2.356311387380325,0.10537744876678493,7.641090325848136,8.053792435957263,Wilcoxon,1.2647189486921487e-83,8.771576768129544e-24,3.3292860591680733,1.0,1.0,AMDT-D,PVD,0.2,psnr,2.023550317907438e-82
500,-0.01089925023984543,0.024440349299994193,0.0010930056485725283,-0.013087078097249617,-0.008844191588210896,Wilcoxon,2.3385857100978153e-16,7.661584329441784e-15,-0.4459531288224272,-0.274548,1.0,AMDT-D,FM-PSO-LSB,0.2,psnr,2.3385857100978153e-16
500,-3.2168973676820203,0.6450561923093971,0.02884778990621978,-3.273727565406879,-3.160136635648492,Wilcoxon,1.2647189486921487e-83,1.114212985308025e-06,-4.987003312323922,-1.0,1.0,AMDT-D,HILL-STC,0.2,psnr,2.023550317907438e-82
500,-3.7772819561594706,0.39788404591965937,0.017793915476780123,-3.8127159937851522,-3.7419922864746784,Wilcoxon,1.2647189486921487e-83,1.0342448950256106e-07,-9.493424013593595,-1.0,1.0,AMDT-D,S-UNIWARD-STC,0.2,psnr,2.023550317907438e-82
500,-2.987767955639123,0.6010201444837532,0.026878437978248345,-3.04090276567501,-2.9354899869467164,Wilcoxon,1.2647189486921487e-83,0.0008625109368380852,-4.971161088461467,-1.0,1.0,AMDT-D,WOW-STC,0.2,psnr,2.023550317907438e-82
500,-3.6354989415992045,0.49455379007340006,0.022117117862685665,-3.678822471128283,-3.592027948091781,Wilcoxon,1.2647189486921487e-83,1.3060951728799278e-09,-7.351068811058218,-1.0,1.0,AMDT-D,MiPOD-STC,0.2,psnr,2.023550317907438e-82
500,-2.3653905164432207,0.6472138984715443,0.028944285459300403,-2.4203443090347996,-2.3082099557163502,Wilcoxon,1.2647189486921487e-83,1.6721029730443736e-08,-3.6547276287318766,-1.0,1.0,AMDT-D,EvoHILL-STC,0.2,psnr,2.023550317907438e-82
500,-4.369101795480086,0.6889011283386599,0.030808595054831005,-4.430121657288703,-4.309514125150243,Wilcoxon,1.2647189486921487e-83,2.3667579678516264e-05,-6.342131861529279,-1.0,1.0,AMDT-D,HILL-SIM,0.2,psnr,2.023550317907438e-82
500,-4.936873216850611,0.43383991502829783,0.01940191082712013,-4.975970208815361,-4.8984945100631565,Wilcoxon,1.2647189486921487e-83,0.0002301977163270708,-11.37948133824569,-1.0,1.0,AMDT-D,S-UNIWARD-SIM,0.2,psnr,2.023550317907438e-82
500,-4.0857623205484295,0.6417975215149391,0.02870205771796575,-4.141866096754467,-4.030280198235622,Wilcoxon,1.2647189486921487e-83,0.0029667910591225843,-6.366123557012405,-1.0,1.0,AMDT-D,WOW-SIM,0.2,psnr,2.023550317907438e-82
500,-4.771974890630367,0.6250392406642241,0.027952604614601115,-4.826039880035892,-4.716953355012188,Wilcoxon,1.2647189486921487e-83,1.5586754061098874e-10,-7.6346804811154385,-1.0,1.0,AMDT-D,MiPOD-SIM,0.2,psnr,2.023550317907438e-82
500,-0.015322556339348864,0.06485749749034543,0.0029005154647786875,-0.019387421636510072,-0.008839886203178143,Wilcoxon,4.113778353885526e-56,1.487181271986361e-41,-0.23624957687628562,-0.65174,0.9996,AMDT-D,AMDT,0.4,psnr,1.234133506165658e-55
500,0.0140708187990667,0.02050693408409903,0.0009170979724430564,0.012243586225068964,0.01584853934619018,Wilcoxon,4.959703034242495e-37,7.690619430587214e-12,0.686149316195303,0.56916,1.0,AMDT-D,GA-FT,0.4,psnr,9.91940606848499e-37
500,0.03048708907628536,0.02307801293926939,0.0010320801143565215,0.028406680685703962,0.0324775353247097,Wilcoxon,4.1515180474064526e-70,3.361513952051663e-08,1.3210448038361542,0.778004,1.0,AMDT-D,LSB,0.4,psnr,1.660607218962581e-69
500,0.03160884842572325,0.023145992057429128,0.0010351202329416348,0.029605124707816764,0.03359062322454641,Wilcoxon,1.0235268679596328e-72,0.00038035191517574174,1.3656294509777909,0.792692,1.0,AMDT-D,LSB-M,0.4,psnr,5.117634339798164e-72
500,0.030921687440775357,0.021981234860364046,0.000983030707543242,0.028952590117784508,0.03281278562299495,Wilcoxon,6.954815456959031e-73,1.4550423978898282e-06,1.4067311339515547,0.787608,1.0,AMDT-D,EA-LSB,0.4,psnr,4.172889274175418e-72
500,8.03892273850275,2.2890182585208096,0.10236800855581435,7.8399556286923,8.240856363506502,Wilcoxon,1.2647189486921487e-83,6.02284277251527e-21,3.5119522129533367,1.0,1.0,AMDT-D,PVD,0.4,psnr,2.0235457619752448e-82
500,-0.009557360977618487,0.019868933258011826,0.0008885657081064162,-0.01130913513430631,-0.007840205722552677,Wilcoxon,4.83596398456236e-18,3.0653051163182486e-14,-0.4810203373029418,-0.27388,1.0,AMDT-D,FM-PSO-LSB,0.4,psnr,4.83596398456236e-18
500,-2.507429724249915,0.6165020735394224,0.027570810894074458,-2.5615071182561975,-2.4532944924091122,Wilcoxon,1.2647189486921487e-83,4.459484773126379e-10,-4.0671878195874,-1.0,1.0,AMDT-D,HILL-STC,0.4,psnr,2.0235457619752448e-82
500,-3.0615772955675613,0.31618891758326123,0.014140398268965012,-3.0891123161483764,-3.0330151551715905,Wilcoxon,1.2647189486921487e-83,1.370245116664672e-11,-9.682747007606185,-1.0,1.0,AMDT-D,S-UNIWARD-STC,0.4,psnr,2.0235457619752448e-82
500,-2.389782192022214,0.5146955401089426,0.0230178843079913,-2.4352170980392116,-2.343458394107021,Wilcoxon,1.2647189486921487e-83,5.474358154525533e-06,-4.643098697759034,-1.0,1.0,AMDT-D,WOW-STC,0.4,psnr,2.0235457619752448e-82
500,-2.702020843176665,0.4760249405315147,0.021288482520275234,-2.7437531235483203,-2.6600074327453234,Wilcoxon,1.2647189486921487e-83,8.432263420151964e-10,-5.676216964933964,-1.0,1.0,AMDT-D,MiPOD-STC,0.4,psnr,2.0235457619752448e-82
500,-1.657715059656518,0.5536629427192198,0.02476055953085495,-1.7046395870215505,-1.6090120345153456,Wilcoxon,1.2647189486921487e-83,0.00015445189250476562,-2.9940870731115528,-1.0,1.0,AMDT-D,EvoHILL-STC,0.4,psnr,2.0235457619752448e-82
500,-3.7922777145250968,0.6365216242291298,0.028466112418498227,-3.848407627331293,-3.736051884831816,Wilcoxon,1.2647189486921487e-83,5.732723992338904e-07,-5.957814424793185,-1.0,1.0,AMDT-D,HILL-SIM,0.4,psnr,2.0235457619752448e-82
500,-4.350589666155256,0.37954052116078224,0.01697356811062413,-4.384377122856819,-4.316723242358292,Wilcoxon,1.2647189486921487e-83,4.366444455603635e-09,-11.462780450554959,-1.0,1.0,AMDT-D,S-UNIWARD-SIM,0.4,psnr,2.0235457619752448e-82
500,-3.589528681863431,0.5742789458140715,0.025682535217743642,-3.640323527755087,-3.539353544294971,Wilcoxon,1.264716101234528e-83,0.0004170419063591591,-6.250496745575584,-1.0,1.0,AMDT-D,WOW-SIM,0.4,psnr,2.0235457619752448e-82
500,-3.8543374741782954,0.6763246526546847,0.03024615796389617,-3.9138391492338718,-3.7946601978124908,Wilcoxon,1.2647189486921487e-83,4.142673695194314e-10,-5.69894570462483,-1.0,1.0,AMDT-D,MiPOD-SIM,0.4,psnr,2.0235457619752448e-82
500,-483148800.1549597,2036370824.3975952,91069271.8150062,-671125191.0961664,-314356397.84926665,Wilcoxon,2.54628913296016e-78,1.0994989587594496e-40,-0.23725973401621783,-0.559704,0.9996,AMDT-D,AMDT,0.05,hill_distortion,3.564804786144224e-77
500,-925189813.7963474,4750640611.738723,212455106.89037937,-1363428818.8003254,-544783124.3435174,Wilcoxon,8.292497079699771e-72,9.321288398492586e-42,-0.19475053775068246,-0.561096,0.99155,AMDT-D,GA-FT,0.05,hill_distortion,1.0780246203609702e-70
500,-931696582.082357,4834968745.484328,216226375.67979673,-1378634708.5370855,-544191022.4241759,Wilcoxon,1.7117164902383896e-61,8.920355566024005e-42,-0.1926996080279785,-0.5526,0.99045,AMDT-D,LSB,0.05,hill_distortion,2.0540597882860675e-60
500,-546925222.2564331,2150732476.863433,96183680.39366259,-743621214.1782674,-368548352.4611832,Wilcoxon,1.8710874301912622e-81,1.6713783190110006e-40,-0.25429718858109834,-0.687144,0.9999,AMDT-D,LSB-M,0.05,hill_distortion,2.8066311452868935e-80
500,-64638439.024668075,213226964.6840608,9535799.753390139,-84177036.50204818,-46899266.04379425,Wilcoxon,4.872489350243165e-44,3.800261786489956e-36,-0.30314383136505785,-0.472168,1.0,AMDT-D,EA-LSB,0.05,hill_distortion,4.8724893502431655e-43
500,-188646521.4000565,738075884.1587702,33007756.990645405,-257040346.1348534,-127934103.35578208,Wilcoxon,7.09842047356765e-57,8.131668005136643e-40,-0.25559231164295304,-0.5286,0.9999,AMDT-D,PVD,0.05,hill_distortion,7.8082625209244155e-56
500,-6404951.6947067175,104361372.41365986,4667182.458842294,-15564509.498232163,2635931.825788543,Wilcoxon,2.190029763417066e-23,2.2081781761760827e-34,-0.06137281971838436,-0.345424,0.27625,AMDT-D,FM-PSO-LSB,0.05,hill_distortion,1.9710267870753595e-22
500,17957595.194436844,77850872.53720814,3481596.862017378,11469769.92021792,25074603.681392852,Wilcoxon,1.1877270839660595e-14,4.705474357654394e-40,0.2306665886866479,0.293904,0.9993,AMDT-D,HILL-STC,0.05,hill_distortion,9.501816671728476e-14
500,1119441.9193677253,72046813.48021534,3222031.450080194,-4933728.412496779,7708245.760018883,Wilcoxon,5.299051567523282e-13,9.972450167742165e-36,0.015537702020300085,-0.168448,0.06295,AMDT-D,S-UNIWARD-STC,0.05,hill_distortion,3.709336097266297e-12
500,-6820139.462699066,98055386.20300229,4385170.182198162,-15310113.950740414,1772120.386975788,Wilcoxon,4.3216893765952317e-10,4.136019975982053e-34,-0.06955395034169214,-0.140256,0.346,AMDT-D,WOW-STC,0.05,hill_distortion,2.5930136259571392e-09
500,9709137.754552322,67234958.29189286,3006838.7441007113,4191889.7198370746,15924765.500715612,Wilcoxon,6.177864155531369e-07,3.0165618122662646e-39,0.144406094704502,-0.100352,0.89645,AMDT-D,MiPOD-STC,0.05,hill_distortion,1.8533592466594106e-06
500,-3732393.285171834,94338943.2639749,4218965.801274875,-12041676.21783726,4706506.16960294,Wilcoxon,2.3191079165060918e-09,5.897594373492711e-35,-0.039563653736591285,-0.150448,0.14465,AMDT-D,EvoHILL-STC,0.05,hill_distortion,1.1595539582530459e-08
500,19563288.513639454,80278226.94500978,3590151.4512439426,12819625.233999524,26921923.318106648,Wilcoxon,1.2647189486921487e-83,1.6823187893474443e-40,0.24369357991725724,0.841232,0.9998,AMDT-D,HILL-SIM,0.05,hill_distortion,2.023550317907438e-82
500,7605338.906132679,73442657.19044814,3284455.4785211147,1497312.8277606517,14236905.87284675,Wilcoxon,1.88030969399305e-07,7.96154019597893e-38,0.10355478950619751,-0.044312,0.6364,AMDT-D,S-UNIWARD-SIM,0.05,hill_distortion,7.5212387759722e-07
500,596784.4479350757,91368709.75404902,4086132.9205300338,-7212297.047731518,8771181.651492564,Wilcoxon,4.419769233919522e-05,9.513682389019364e-36,0.006531606384084122,0.0204,0.05075,AMDT-D,WOW-SIM,0.05,hill_distortion,8.839538467839044e-05
500,14089818.2580013,71436205.6282574,3194724.236788732,8137037.062469582,20629989.98282912,Wilcoxon,0.6092901997455304,5.845877457044896e-40,0.19723637522578485,0.114,0.99275,AMDT-D,MiPOD-SIM,0.05,hill_distortion,0.6092901997455304
500,-1046790762.7041785,4187385380.519696,187265567.1766173,-1433200635.755672,-704260662.172801,Wilcoxon,4.4853284215935146e-83,2.0823332363742097e-40,-0.24998672622156914,-0.568184,0.99985,AMDT-D,AMDT,0.1,hill_distortion,6.27945979023092e-82
500,-1826783814.9054117,8789770039.617855,393090466.3035309,-2640451320.9610453,-1117676337.1664379,Wilcoxon,1.1899094050118454e-69,1.7156666882841402e-41,-0.20783067209626718,-0.538008,0.9966,AMDT-D,GA-FT,0.1,hill_distortion,1.5468822265153989e-68
500,-1829056752.30287,8817471218.081615,394329300.6655673,-2643342079.800276,-1119604653.7340264,Wilcoxon,3.120779665252171e-64,1.7438082827320266e-41,-0.2074355228460628,-0.528704,0.9966,AMDT-D,LSB,0.1,hill_distortion,3.744935598302605e-63
500,-1100279771.6491058,4305249212.979747,192536598.00600368,-1493712269.841432,-743024018.2207296,Wilcoxon,1.2647189486921487e-83,1.7521084712150992e-40,-0.2555670339203385,-0.676944,0.9999,AMDT-D,LSB-M,0.1,hill_distortion,2.023550317907438e-82
500,-126121333.95443705,427712926.60082,19127903.57469623,-165555830.76274106,-90595332.45263006,Wilcoxon,4.1332655426515655e-44,1.3914669521224482e-37,-0.2948737952737743,-0.458904,1.0,AMDT-D,EA-LSB,0.1,hill_distortion,4.133265542651565e-43
500,-408012884.93446994,1646201230.4584517,73620357.1189779,-561052460.9644703,-272695482.2552795,Wilcoxon,1.4026402254297356e-60,2.974853170554449e-40,-0.24785116022592338,-0.512592,0.9998,AMDT-D,PVD,0.1,hill_distortion,1.5429042479727092e-59
500,-42166395.95291529,253316720.85828093,11328668.1535291,-66247736.678568125,-21682864.85216276,Wilcoxon,2.7973250454293983e-31,2.5511745404802705e-38,-0.16645721533915422,-0.370768,0.96175,AMDT-D,FM-PSO-LSB,0.1,hill_distortion,2.5175925408864586e-30
500,23832329.491463657,101459023.28228551,4537385.459798484,15239192.017116737,33176880.764660235,Wilcoxon,3.317900643732754e-13,1.935405135789413e-40,0.23489610603835492,0.27392,0.9995,AMDT-D,HILL-STC,0.1,hill_distortion,1.658950321866377e-12
500,-25330041.82990876,105551434.92198928,4720403.672164264,-34876213.63004793,-16283565.44030512,Wilcoxon,5.567996502341369e-24,1.2889518841588294e-33,-0.23997818550386957,-0.248184,0.9997,AMDT-D,S-UNIWARD-STC,0.1,hill_distortion,4.454397201873095e-23
500,-25713630.777204085,153702514.49966618,6873785.414678013,-39713334.85980899,-12422590.301900228,Wilcoxon,5.017435902653118e-13,5.484917714939549e-34,-0.16729479580023351,-0.168592,0.9634,AMDT-D,WOW-STC,0.1,hill_distortion,2.0069743610612473e-12
500,1463880.9936713218,82345554.53768152,3682605.151823443,-5687280.031421911,8998179.374033602,Wilcoxon,1.2462327946412508e-12,1.2744113146804158e-36,0.017777292312743446,-0.152352,0.06755,AMDT-D,MiPOD-STC,0.1,hill_distortion,3.7386983839237526e-12
500,-20428569.680405345,163656669.4127735,7318948.755563442,-35555488.66874161,-6361754.832255593,Wilcoxon,1.9126556652429531e-13,1.2343194019122579e-36,-0.12482576942147451,-0.201384,0.79745,AMDT-D,EvoHILL-STC,0.1,hill_distortion,1.147593399145772e-12
500,25407557.84774732,103613902.40386896,4633754.583781597,16615167.75672467,34903228.32660233,Wilcoxon,1.2647189486921487e-83,1.8888997614082287e-40,0.24521379137630664,0.824904,0.99985,AMDT-D,HILL-SIM,0.1,hill_distortion,2.023550317907438e-82
500,-5125816.148894833,88882333.16219464,3974938.7789890207,-12865757.257149007,2959290.0168285375,Wilcoxon,5.717220861551868e-14,7.45763226663184e-34,-0.05766968492536216,-0.119144,0.2506,AMDT-D,S-UNIWARD-SIM,0.1,hill_distortion,4.002054603086308e-13
500,-12501203.712601649,134235686.8834184,6003202.417554009,-24327251.35357614,-665532.919725901,Wilcoxon,2.5044099516703786e-10,7.810017755710363e-34,-0.09312876480796607,-0.074424,0.55005,AMDT-D,WOW-SIM,0.1,hill_distortion,5.008819903340757e-10
500,11738938.285933536,89865062.78904217,4018887.7839717027,4235115.074040817,20185415.341477875,Wilcoxon,1.965451464599427e-06,1.646045016095713e-38,0.13062849923657918,-0.036336,0.83,AMDT-D,MiPOD-SIM,0.1,hill_distortion,1.965451464599427e-06
500,-1974692368.59583,7399692689.286819,330924317.31707114,-2654446412.2899265,-1359614298.1135092,Wilcoxon,4.2245361506790755e-83,5.675698886369231e-40,-0.26686140242753115,-0.507504,1.0,AMDT-D,AMDT,0.2,hill_distortion,5.914350610950706e-82
500,-3479364493.3661914,15987484457.071861,714982040.70468,-4955743730.900579,-2186841658.3963814,Wilcoxon,9.404268388014364e-74,2.505246722995686e-41,-0.21763051608954895,-0.47468,0.9983,AMDT-D,GA-FT,0.2,hill_distortion,1.2225548904418674e-72
500,-3498267503.357447,16151778606.105413,722329498.41557,-4989573714.7469425,-2193807208.5209413,Wilcoxon,2.3268614323733404e-65,2.4111953330081863e-41,-0.21658713808986294,-0.47208,0.99805,AMDT-D,LSB,0.2,hill_distortion,2.7922337188480086e-64
500,-2104427457.5808613,7822156904.750042,349817491.3938088,-2824925535.1130934,-1453700101.0409591,Wilcoxon,1.2647189486921487e-83,3.8608413316935e-40,-0.2690341657942118,-0.626008,1.0,AMDT-D,LSB-M,0.2,hill_distortion,2.023550317907438e-82
500,-113256101.60103658,1177352417.660077,52652800.78723312,-213884247.18379462,-6533989.615914786,Wilcoxon,2.495166220113008e-41,4.930821740695804e-39,-0.09619558247999084,-0.436848,0.5783,AMDT-D,EA-LSB,0.2,hill_distortion,2.4951662201130082e-40
500,-657339203.5396028,3044201413.2919397,136140825.94643417,-941483021.3784403,-403072712.29765975,Wilcoxon,1.4128575239394887e-57,9.135047014385976e-40,-0.21593157426097145,-0.446088,0.99795,AMDT-D,PVD,0.2,hill_distortion,1.5541432763334376e-56
500,13866398.016148483,1005682735.3422768,44975499.200465225,-67799678.67896615,107612676.70398627,Wilcoxon,3.353310120522588e-29,7.365424834216322e-41,0.013788044210015353,-0.34392,0.0591,AMDT-D,FM-PSO-LSB,0.2,hill_distortion,2.347317084365812e-28
500,154116107.98432013,976471035.6057872,43669112.27348315,76073439.56908657,243788672.44362977,Wilcoxon,1.4370540932366673e-40,1.6269275212642387e-42,0.1578296768308227,0.353176,0.9415,AMDT-D,HILL-STC,0.2,hill_distortion,1.2933486839130005e-39
500,-14508569.965235557,908474046.8885766,40628194.49274377,-88051650.42365772,70287297.31186637,Wilcoxon,5.545041342344726e-30,3.7922718223306874e-41,-0.015970263558904966,-0.30144,0.06325,AMDT-D,S-UNIWARD-STC,0.2,hill_distortion,4.436033073875781e-29
500,35460062.84194855,951199352.5478976,42538928.24901773,-39687362.690673396,123385860.3298275,Wilcoxon,4.2814925588666864e-14,5.001758810904121e-41,0.03727931768137212,-0.22764,0.1318,AMDT-D,WOW-STC,0.2,hill_distortion,1.284447767660006e-13
500,83041264.83796637,955228850.4512664,42719132.87356024,7544712.74748798,171840710.64167604,Wilcoxon,6.46357423965327e-16,2.6163025640138063e-42,0.08693337182889342,-0.200368,0.4869,AMDT-D,MiPOD-STC,0.2,hill_distortion,2.6507979063090527e-15
500,38337434.35345663,986783304.6192573,44130290.96381083,-40221701.131531574,129657513.2817872,Wilcoxon,5.301595812618105e-16,2.2735112747196298e-41,0.03885091506310885,-0.23816,0.13895,AMDT-D,EvoHILL-STC,0.2,hill_distortion,2.6507979063090527e-15
500,155504836.3867147,981014120.8223717,43872285.2209203,77080331.20013729,245685473.5415706,Wilcoxon,1.2647189486921487e-83,1.6226682112389924e-42,0.1585143710840339,0.806344,0.9436,AMDT-D,HILL-SIM,0.2,hill_distortion,2.023550317907438e-82
500,66031084.22829482,934439589.4817911,41789408.85896565,-7698381.013683207,152967770.11677247,Wilcoxon,2.1690105342636007e-16,4.1960701479977903e-42,0.07066383420774525,-0.194744,0.3432,AMDT-D,S-UNIWARD-SIM,0.2,hill_distortion,1.3014063205581604e-15
500,76495386.26313266,950361745.8761365,42501469.33988843,1397507.8805998417,164338848.51381254,Wilcoxon,1.0728509849091039e-08,2.669089054145938e-41,0.08049080952075961,-0.113816,0.4306,AMDT-D,WOW-SIM,0.2,hill_distortion,2.1457019698182078e-08
500,118605102.9504884,970089154.5480821,43383705.87609622,42158035.93165282,208618254.31606293,Wilcoxon,4.823189243400193e-07,2.7474922899273363e-42,0.12226206467151034,-0.090952,0.77895,AMDT-D,MiPOD-SIM,0.2,hill_distortion,4.823189243400193e-07
500,-3418504130.6531777,11038509590.398697,493657156.2882969,-4414979900.920318,-2493925485.356681,Wilcoxon,1.2647189486921487e-83,6.182226607951538e-39,-0.30968892155754385,-0.493272,1.0,AMDT-D,AMDT,0.4,hill_distortion,2.023550317907438e-82
500,-5666319706.078591,27942539512.13544,1249628356.262173,-8255525917.753401,-3421709420.172881,Wilcoxon,2.5595977487811605e-72,9.266907732727469e-42,-0.20278470765399506,-0.436496,0.9953,AMDT-D,GA-FT,0.4,hill_distortion,3.3274770734155087e-71
500,-5680351228.087125,28061298913.414967,1254939438.1467369,-8283176680.38949,-3424521997.3816733,Wilcoxon,5.708378569175222e-70,9.22617643617312e-42,-0.2024265250733486,-0.43368,0.99495,AMDT-D,LSB,0.4,hill_distortion,6.850054283010267e-69
500,-3456443262.3124533,10926928571.778177,488667101.4356139,-4450517065.313412,-2527136032.637046,Wilcoxon,1.2647189486921487e-83,6.625498448019232e-39,-0.3163234059422404,-0.564776,1.0,AMDT-D,LSB-M,0.4,hill_distortion,2.023550317907438e-82
500,428108602.14904517,7175475890.230395,320897037.22931963,-136671226.38525838,1092576863.9807901,Wilcoxon,1.3281060541578095e-40,1.3685345468782068e-42,0.05966274693110273,-0.382072,0.26265,AMDT-D,EA-LSB,0.4,hill_distortion,1.0624848433262476e-39
500,-436616387.32199,8605225321.3856,384837375.6064135,-1164295408.865331,356150795.75694335,Wilcoxon,4.307743982605005e-59,2.2372756599985793e-40,-0.05073851886677696,-0.393544,0.2061,AMDT-D,PVD,0.4,hill_distortion,4.738518380865505e-58
500,621849888.1180086,7135329402.083382,319101631.6982274,54446687.294021636,1293948503.561184,Wilcoxon,1.6319640890748813e-20,7.189569931714615e-43,0.08715083117766646,-0.323928,0.4889,AMDT-D,FM-PSO-LSB,0.4,hill_distortion,8.159820445374406e-20
500,1055974472.9427474,7412443714.741901,331494560.511079,463807337.7339299,1730786679.095938,Wilcoxon,5.984535934357533e-47,7.639194666933541e-43,0.14245969528815722,0.349968,0.88785,AMDT-D,HILL-STC,0.4,hill_distortion,5.9845359343575334e-46
500,340363518.5379258,5938220539.051635,265565295.814098,-127246214.93628357,893270612.3603736,Wilcoxon,9.577915406530725e-42,1.3043856677170782e-42,0.057317426373706834,-0.33512,0.2474,AMDT-D,S-UNIWARD-STC,0.4,hill_distortion,8.620123865877652e-41
500,712223362.9984543,7199316378.477856,321963216.27608174,143229782.2593458,1373576232.5276551,Wilcoxon,3.548116655407355e-19,1.2703402424248872e-42,0.09892930461114685,-0.256504,0.5961,AMDT-D,WOW-STC,0.4,hill_distortion,1.419246662162942e-18
500,782282823.1421022,7150457237.774153,319778169.07736766,217802020.07233527,1440592657.0665023,Wilcoxon,2.7929543360140382e-24,6.567864491601545e-43,0.10940318879322702,-0.275904,0.68395,AMDT-D,MiPOD-STC,0.4,hill_distortion,1.9550680352098267e-23
500,695909055.5492728,7220429056.511414,322907403.9414838,125529787.10825607,1361746836.1246974,Wilcoxon,5.877568029658231e-17,9.520996636078683e-43,0.09638056826023365,-0.240832,0.5723,AMDT-D,EvoHILL-STC,0.4,hill_distortion,1.7632704088974693e-16
500,1059630372.6733478,7424417660.961238,332030051.6651863,466062597.0762254,1735874058.9125001,Wilcoxon,1.2647189486921487e-83,7.710672426456587e-43,0.14272235494576926,0.774056,0.88885,AMDT-D,HILL-SIM,0.4,hill_distortion,2.023550317907438e-82
500,744119802.2421317,7096790527.283668,317378120.8216571,183754101.62542623,1397824425.819155,Wilcoxon,4.2341402141297604e-21,7.276514038951692e-43,0.1048530035346763,-0.246288,0.64705,AMDT-D,S-UNIWARD-SIM,0.4,hill_distortion,2.5404841284778563e-20
500,857036594.610562,7287383166.281224,325901682.7578494,282282335.26088023,1520846156.187613,Wilcoxon,1.500065443630051e-08,1.1794392017867798e-42,0.11760553480652378,-0.142552,0.748,AMDT-D,WOW-SIM,0.4,hill_distortion,3.000130887260102e-08
500,943357740.9494331,7363735650.023351,329316269.6358162,358757504.20636165,1611624325.544518,Wilcoxon,2.0834232627950554e-05,7.95277590088409e-43,0.12810858316816975,-0.112576,0.8152,AMDT-D,MiPOD-SIM,0.4,hill_distortion,2.0834232627950554e-05
